"Case.Earliest.Date","Confirmation.Status","Gender","Age.Group","Hospitalization","ICU","Death","Race","Count"
"2020/01/01","Laboratory-confirmed case","Female","0 - 9","Missing","Missing","Missing","African American",1
"2020/01/01","Laboratory-confirmed case","Female","0 - 9","Missing","Missing","Missing","Unknown",1
"2020/01/01","Laboratory-confirmed case","Female","10 - 19","No","Missing","No","Asian",1
"2020/01/01","Laboratory-confirmed case","Female","10 - 19","No","Missing","No","African American",1
"2020/01/01","Laboratory-confirmed case","Female","10 - 19","No","Missing","No","Multiracial/Other",1
"2020/01/01","Laboratory-confirmed case","Female","20 - 29","Missing","Missing","Missing","Caucasian",1
"2020/01/01","Laboratory-confirmed case","Female","20 - 29","Missing","Missing","No","Caucasian",1
"2020/01/01","Laboratory-confirmed case","Female","20 - 29","No","Missing","Missing","Unknown",1
"2020/01/01","Laboratory-confirmed case","Female","20 - 29","No","Missing","No","Missing",1
"2020/01/01","Laboratory-confirmed case","Female","20 - 29","No","Missing","No","Caucasian",1
"2020/01/01","Laboratory-confirmed case","Female","20 - 29","Yes","Missing","No","Multiracial/Other",1
"2020/01/01","Laboratory-confirmed case","Female","30 - 39","Missing","Missing","Missing","African American",1
"2020/01/01","Laboratory-confirmed case","Female","30 - 39","Missing","Missing","Missing","Caucasian",1
"2020/01/01","Laboratory-confirmed case","Female","30 - 39","Missing","Missing","No","Multiracial/Other",1
"2020/01/01","Laboratory-confirmed case","Female","30 - 39","No","Missing","No","African American",1
"2020/01/01","Laboratory-confirmed case","Female","30 - 39","No","Missing","No","Multiracial/Other",1
"2020/01/01","Laboratory-confirmed case","Female","30 - 39","No","Missing","No","Unknown",3
"2020/01/01","Laboratory-confirmed case","Female","30 - 39","No","Missing","No","Caucasian",2
"2020/01/01","Laboratory-confirmed case","Female","30 - 39","No","Unknown","No","Caucasian",1
"2020/01/01","Laboratory-confirmed case","Female","40 - 49","Missing","Missing","Missing","Unknown",1
"2020/01/01","Laboratory-confirmed case","Female","40 - 49","No","Missing","No","Multiracial/Other",1
"2020/01/01","Laboratory-confirmed case","Female","40 - 49","No","Missing","No","Unknown",1
"2020/01/01","Laboratory-confirmed case","Female","40 - 49","Yes","Unknown","No","Caucasian",1
"2020/01/01","Laboratory-confirmed case","Female","50 - 59","Missing","Missing","Missing","African American",1
"2020/01/01","Laboratory-confirmed case","Female","50 - 59","No","Missing","No","Latino",1
"2020/01/01","Laboratory-confirmed case","Female","50 - 59","No","Missing","No","Unknown",1
"2020/01/01","Laboratory-confirmed case","Female","50 - 59","No","Missing","No","Caucasian",2
"2020/01/01","Laboratory-confirmed case","Female","50 - 59","No","No","Unknown","Caucasian",1
"2020/01/01","Laboratory-confirmed case","Female","50 - 59","Unknown","Missing","No","Unknown",1
"2020/01/01","Laboratory-confirmed case","Female","50 - 59","Unknown","Missing","No","Caucasian",1
"2020/01/01","Laboratory-confirmed case","Female","50 - 59","Yes","Missing","No","Latino",1
"2020/01/01","Laboratory-confirmed case","Female","60 - 69","Missing","Missing","Missing","Unknown",1
"2020/01/01","Laboratory-confirmed case","Female","60 - 69","No","Missing","Missing","African American",1
"2020/01/01","Laboratory-confirmed case","Female","60 - 69","No","Missing","No","African American",1
"2020/01/01","Laboratory-confirmed case","Female","60 - 69","No","Missing","No","Multiracial/Other",1
"2020/01/01","Laboratory-confirmed case","Female","60 - 69","No","Missing","No","Caucasian",2
"2020/01/01","Laboratory-confirmed case","Female","60 - 69","No","No","No","Caucasian",1
"2020/01/01","Laboratory-confirmed case","Female","70 - 79","Missing","Missing","Missing","Unknown",1
"2020/01/01","Laboratory-confirmed case","Female","70 - 79","Missing","Missing","Missing","Caucasian",1
"2020/01/01","Laboratory-confirmed case","Female","70 - 79","Missing","Missing","Yes","African American",1
"2020/01/01","Laboratory-confirmed case","Female","70 - 79","No","Missing","Missing","Caucasian",1
"2020/01/01","Laboratory-confirmed case","Female","70 - 79","No","Missing","No","Unknown",1
"2020/01/01","Laboratory-confirmed case","Female","70 - 79","No","Missing","No","Caucasian",1
"2020/01/01","Laboratory-confirmed case","Female","80+","No","No","No","Unknown",1
"2020/01/01","Laboratory-confirmed case","Female","80+","Yes","Missing","Missing","African American",1
"2020/01/01","Laboratory-confirmed case","Male","0 - 9","Missing","Missing","Missing","Latino",1
"2020/01/01","Laboratory-confirmed case","Male","10 - 19","No","Missing","No","Latino",1
"2020/01/01","Laboratory-confirmed case","Male","10 - 19","No","Missing","No","Caucasian",1
"2020/01/01","Laboratory-confirmed case","Male","20 - 29","No","Missing","No","African American",1
"2020/01/01","Laboratory-confirmed case","Male","30 - 39","Missing","Missing","Missing","Unknown",1
"2020/01/01","Laboratory-confirmed case","Male","30 - 39","No","Missing","No","Asian",1
"2020/01/01","Laboratory-confirmed case","Male","30 - 39","No","Missing","No","Missing",1
"2020/01/01","Laboratory-confirmed case","Male","30 - 39","No","Missing","No","Caucasian",2
"2020/01/01","Laboratory-confirmed case","Male","30 - 39","No","No","No","African American",1
"2020/01/01","Laboratory-confirmed case","Male","30 - 39","Unknown","Missing","No","Asian",1
"2020/01/01","Laboratory-confirmed case","Male","30 - 39","Yes","Missing","No","Multiracial/Other",1
"2020/01/01","Laboratory-confirmed case","Male","40 - 49","Missing","Missing","No","Multiracial/Other",1
"2020/01/01","Laboratory-confirmed case","Male","40 - 49","No","Missing","No","Multiracial/Other",1
"2020/01/01","Laboratory-confirmed case","Male","40 - 49","No","Missing","No","Unknown",2
"2020/01/01","Laboratory-confirmed case","Male","40 - 49","No","Missing","No","Caucasian",1
"2020/01/01","Laboratory-confirmed case","Male","40 - 49","Yes","Missing","No","Missing",1
"2020/01/01","Laboratory-confirmed case","Male","40 - 49","Yes","Yes","No","African American",1
"2020/01/01","Laboratory-confirmed case","Male","50 - 59","Missing","Missing","Missing","Unknown",1
"2020/01/01","Laboratory-confirmed case","Male","50 - 59","No","Missing","No","African American",1
"2020/01/01","Laboratory-confirmed case","Male","50 - 59","No","Missing","No","Unknown",1
"2020/01/01","Laboratory-confirmed case","Male","50 - 59","No","Unknown","Unknown","Multiracial/Other",1
"2020/01/01","Laboratory-confirmed case","Male","60 - 69","Missing","Missing","No","Multiracial/Other",1
"2020/01/01","Laboratory-confirmed case","Male","60 - 69","Missing","Missing","No","Unknown",1
"2020/01/01","Laboratory-confirmed case","Male","60 - 69","No","Missing","No","Caucasian",1
"2020/01/01","Laboratory-confirmed case","Male","70 - 79","No","Missing","No","Multiracial/Other",1
"2020/01/01","Laboratory-confirmed case","Male","70 - 79","Yes","Missing","No","Caucasian",1
"2020/01/01","Laboratory-confirmed case","Male","80+","Yes","Unknown","No","Caucasian",1
"2020/01/01","Laboratory-confirmed case","Male","80+","Yes","Unknown","Yes","Unknown",1
"2020/01/01","Laboratory-confirmed case","Unknown","50 - 59","No","Missing","Missing","Caucasian",1
"2020/01/01","Probable Case","Female","20 - 29","No","Missing","No","Multiracial/Other",2
"2020/01/01","Probable Case","Female","30 - 39","No","Unknown","Unknown","Caucasian",1
"2020/01/01","Probable Case","Female","40 - 49","No","Unknown","Unknown","Unknown",1
"2020/01/01","Probable Case","Female","50 - 59","Missing","Missing","Missing","Caucasian",1
"2020/01/01","Probable Case","Female","50 - 59","No","Missing","No","Multiracial/Other",1
"2020/01/01","Probable Case","Female","50 - 59","No","Missing","No","Unknown",1
"2020/01/01","Probable Case","Female","50 - 59","No","No","No","Caucasian",1
"2020/01/01","Probable Case","Female","70 - 79","No","Missing","No","Caucasian",1
"2020/01/01","Probable Case","Female","70 - 79","No","Unknown","Unknown","Unknown",1
"2020/01/01","Probable Case","Female","80+","Missing","Missing","Missing","Caucasian",1
"2020/01/01","Probable Case","Female","Unknown","No","Missing","No","Unknown",1
"2020/01/01","Probable Case","Male","10 - 19","No","Unknown","No","Caucasian",1
"2020/01/01","Probable Case","Male","20 - 29","Missing","Missing","Missing","Caucasian",1
"2020/01/01","Probable Case","Male","30 - 39","No","Missing","No","Caucasian",1
"2020/01/01","Probable Case","Male","30 - 39","No","Unknown","No","Unknown",1
"2020/01/01","Probable Case","Male","40 - 49","Missing","Missing","Missing","Caucasian",1
"2020/01/01","Probable Case","Male","40 - 49","Unknown","Missing","Unknown","Caucasian",1
"2020/01/01","Probable Case","Male","60 - 69","No","Missing","No","Caucasian",1
"2020/01/01","Probable Case","Male","Unknown","Missing","Missing","No","Unknown",1
"2020/01/02","Laboratory-confirmed case","Female","40 - 49","Missing","Missing","Missing","Unknown",1
"2020/01/02","Laboratory-confirmed case","Female","70 - 79","No","No","No","Caucasian",1
"2020/01/02","Laboratory-confirmed case","Male","0 - 9","Missing","Missing","Missing","Unknown",1
"2020/01/02","Laboratory-confirmed case","Male","0 - 9","Yes","Unknown","Unknown","African American",1
"2020/01/02","Laboratory-confirmed case","Male","30 - 39","No","Unknown","No","Caucasian",1
"2020/01/02","Laboratory-confirmed case","Male","50 - 59","No","Missing","No","Caucasian",1
"2020/01/02","Laboratory-confirmed case","Male","70 - 79","No","No","No","Caucasian",1
"2020/01/02","Laboratory-confirmed case","Male","70 - 79","Unknown","Unknown","No","Unknown",1
"2020/01/02","Laboratory-confirmed case","Male","80+","Yes","Unknown","Unknown","African American",1
"2020/01/02","Probable Case","Female","30 - 39","Missing","Missing","No","Unknown",1
"2020/01/02","Probable Case","Female","40 - 49","No","No","No","Caucasian",1
"2020/01/02","Probable Case","Female","50 - 59","No","Missing","No","Unknown",1
"2020/01/02","Probable Case","Female","50 - 59","Yes","Unknown","No","Unknown",1
"2020/01/02","Probable Case","Female","70 - 79","No","Missing","No","Unknown",1
"2020/01/02","Probable Case","Female","70 - 79","No","Unknown","No","Caucasian",1
"2020/01/02","Probable Case","Female","80+","No","No","No","Caucasian",2
"2020/01/02","Probable Case","Male","40 - 49","No","Missing","Missing","Unknown",1
"2020/01/02","Probable Case","Male","50 - 59","No","Unknown","No","Latino",1
"2020/01/02","Probable Case","Male","50 - 59","Yes","Unknown","Yes","Unknown",1
"2020/01/03","Laboratory-confirmed case","Female","0 - 9","Unknown","Missing","No","Unknown",1
"2020/01/03","Laboratory-confirmed case","Female","50 - 59","No","No","Unknown","Caucasian",1
"2020/01/03","Laboratory-confirmed case","Female","50 - 59","Yes","Unknown","Unknown","Caucasian",1
"2020/01/03","Laboratory-confirmed case","Male","40 - 49","No","Missing","No","Latino",1
"2020/01/03","Laboratory-confirmed case","Male","40 - 49","No","Unknown","No","Latino",1
"2020/01/03","Laboratory-confirmed case","Male","50 - 59","Missing","Missing","Missing","Caucasian",1
"2020/01/03","Laboratory-confirmed case","Male","70 - 79","Yes","No","No","Unknown",1
"2020/01/03","Probable Case","Female","40 - 49","No","Missing","Unknown","Caucasian",1
"2020/01/03","Probable Case","Female","50 - 59","No","Missing","No","Multiracial/Other",1
"2020/01/03","Probable Case","Female","50 - 59","No","Missing","No","Unknown",1
"2020/01/03","Probable Case","Female","60 - 69","No","Missing","No","Caucasian",1
"2020/01/03","Probable Case","Female","60 - 69","No","No","No","Caucasian",1
"2020/01/03","Probable Case","Male","40 - 49","No","No","Unknown","Caucasian",1
"2020/01/04","Laboratory-confirmed case","Female","10 - 19","Missing","Missing","Missing","Latino",1
"2020/01/04","Laboratory-confirmed case","Female","30 - 39","No","Missing","Missing","Caucasian",1
"2020/01/04","Laboratory-confirmed case","Female","50 - 59","No","Missing","No","Caucasian",1
"2020/01/04","Laboratory-confirmed case","Female","60 - 69","No","No","No","Caucasian",1
"2020/01/04","Laboratory-confirmed case","Male","20 - 29","Missing","Missing","Missing","Missing",1
"2020/01/04","Laboratory-confirmed case","Male","20 - 29","No","Missing","No","Caucasian",1
"2020/01/04","Laboratory-confirmed case","Male","30 - 39","No","Missing","No","Caucasian",1
"2020/01/04","Laboratory-confirmed case","Male","60 - 69","Yes","No","No","Caucasian",1
"2020/01/04","Laboratory-confirmed case","Male","60 - 69","Yes","Yes","Missing","Multiracial/Other",1
"2020/01/04","Probable Case","Female","20 - 29","No","Unknown","No","Caucasian",1
"2020/01/04","Probable Case","Female","50 - 59","No","Unknown","No","Caucasian",1
"2020/01/05","Laboratory-confirmed case","Female","0 - 9","Missing","Missing","Missing","Caucasian",1
"2020/01/05","Laboratory-confirmed case","Female","20 - 29","No","No","No","Latino",1
"2020/01/05","Laboratory-confirmed case","Female","20 - 29","No","No","No","Caucasian",1
"2020/01/05","Laboratory-confirmed case","Female","40 - 49","No","Missing","Missing","Caucasian",1
"2020/01/05","Laboratory-confirmed case","Female","70 - 79","Missing","Missing","Missing","Unknown",2
"2020/01/05","Laboratory-confirmed case","Male","10 - 19","Missing","Missing","Missing","Multiracial/Other",1
"2020/01/05","Laboratory-confirmed case","Male","20 - 29","No","No","No","Unknown",1
"2020/01/05","Laboratory-confirmed case","Male","20 - 29","Unknown","Missing","No","Unknown",1
"2020/01/05","Laboratory-confirmed case","Male","40 - 49","No","No","No","Caucasian",1
"2020/01/05","Laboratory-confirmed case","Male","70 - 79","Yes","Unknown","Unknown","Latino",1
"2020/01/05","Probable Case","Female","50 - 59","Missing","No","No","Caucasian",1
"2020/01/05","Probable Case","Male","20 - 29","No","Missing","Missing","Latino",1
"2020/01/05","Probable Case","Male","40 - 49","No","Missing","No","Unknown",1
"2020/01/05","Probable Case","Male","40 - 49","No","No","No","Caucasian",1
"2020/01/05","Probable Case","Male","60 - 69","No","Unknown","Unknown","Unknown",1
"2020/01/06","Laboratory-confirmed case","Female","20 - 29","No","Missing","No","Unknown",1
"2020/01/06","Laboratory-confirmed case","Female","20 - 29","No","No","Missing","Caucasian",1
"2020/01/06","Laboratory-confirmed case","Female","20 - 29","No","No","No","Caucasian",1
"2020/01/06","Laboratory-confirmed case","Female","20 - 29","No","Unknown","Unknown","Caucasian",1
"2020/01/06","Laboratory-confirmed case","Female","40 - 49","Missing","Missing","No","Unknown",1
"2020/01/06","Laboratory-confirmed case","Female","40 - 49","No","Unknown","No","Latino",1
"2020/01/06","Laboratory-confirmed case","Female","60 - 69","No","Missing","No","Caucasian",1
"2020/01/06","Laboratory-confirmed case","Female","60 - 69","No","No","No","Latino",1
"2020/01/06","Laboratory-confirmed case","Female","70 - 79","Yes","Unknown","No","Caucasian",1
"2020/01/06","Laboratory-confirmed case","Female","80+","Yes","Unknown","Yes","Caucasian",1
"2020/01/06","Laboratory-confirmed case","Male","20 - 29","No","No","No","African American",1
"2020/01/06","Laboratory-confirmed case","Male","20 - 29","No","Unknown","No","Unknown",1
"2020/01/06","Laboratory-confirmed case","Male","30 - 39","No","No","No","Unknown",1
"2020/01/06","Laboratory-confirmed case","Male","40 - 49","Unknown","Unknown","No","Latino",1
"2020/01/06","Laboratory-confirmed case","Male","40 - 49","Yes","Unknown","Unknown","African American",1
"2020/01/06","Laboratory-confirmed case","Male","60 - 69","Missing","Missing","Missing","Unknown",1
"2020/01/06","Laboratory-confirmed case","Male","70 - 79","Yes","Yes","No","Asian",1
"2020/01/06","Laboratory-confirmed case","Male","80+","No","Missing","No","Caucasian",1
"2020/01/06","Probable Case","Female","50 - 59","No","Unknown","No","Caucasian",1
"2020/01/06","Probable Case","Male","0 - 9","No","Unknown","Unknown","Caucasian",1
"2020/01/06","Probable Case","Male","20 - 29","No","Unknown","No","Caucasian",1
"2020/01/06","Probable Case","Male","30 - 39","No","No","No","Caucasian",1
"2020/01/06","Probable Case","Male","40 - 49","No","No","No","Caucasian",1
"2020/01/06","Probable Case","Male","50 - 59","No","No","No","Caucasian",1
"2020/01/06","Probable Case","Male","70 - 79","No","Missing","No","Caucasian",1
"2020/01/07","Laboratory-confirmed case","Female","40 - 49","No","Missing","No","Latino",1
"2020/01/07","Laboratory-confirmed case","Female","40 - 49","No","Missing","No","Caucasian",1
"2020/01/07","Laboratory-confirmed case","Female","50 - 59","No","Missing","No","Latino",1
"2020/01/07","Laboratory-confirmed case","Male","20 - 29","No","Missing","Missing","Caucasian",1
"2020/01/07","Laboratory-confirmed case","Male","30 - 39","No","No","No","Caucasian",1
"2020/01/07","Laboratory-confirmed case","Male","30 - 39","Yes","Unknown","Unknown","Caucasian",1
"2020/01/07","Laboratory-confirmed case","Male","40 - 49","No","Missing","Missing","Caucasian",1
"2020/01/07","Laboratory-confirmed case","Male","60 - 69","No","Missing","Missing","Caucasian",1
"2020/01/07","Laboratory-confirmed case","Male","60 - 69","Yes","Missing","No","Caucasian",1
"2020/01/07","Laboratory-confirmed case","Male","70 - 79","Yes","Unknown","Yes","African American",1
"2020/01/07","Laboratory-confirmed case","Unknown","20 - 29","Missing","Missing","No","Unknown",1
"2020/01/07","Laboratory-confirmed case","Unknown","40 - 49","Missing","Missing","No","Unknown",4
"2020/01/07","Laboratory-confirmed case","Unknown","50 - 59","Missing","Missing","No","Unknown",2
"2020/01/07","Laboratory-confirmed case","Unknown","60 - 69","Missing","Missing","No","Unknown",1
"2020/01/07","Laboratory-confirmed case","Unknown","80+","Missing","Missing","No","Unknown",1
"2020/01/07","Probable Case","Female","30 - 39","Missing","Missing","Missing","Caucasian",1
"2020/01/07","Probable Case","Female","60 - 69","No","Unknown","Unknown","Caucasian",1
"2020/01/07","Probable Case","Female","70 - 79","No","No","No","Caucasian",1
"2020/01/07","Probable Case","Male","50 - 59","No","No","No","African American",1
"2020/01/07","Probable Case","Male","60 - 69","Yes","Yes","Unknown","Caucasian",1
"2020/01/08","Laboratory-confirmed case","Female","20 - 29","No","Missing","No","Unknown",1
"2020/01/08","Laboratory-confirmed case","Female","30 - 39","Missing","Missing","Missing","Caucasian",1
"2020/01/08","Laboratory-confirmed case","Female","40 - 49","Missing","Missing","Missing","Unknown",1
"2020/01/08","Laboratory-confirmed case","Female","50 - 59","Yes","Unknown","Yes","African American",1
"2020/01/08","Laboratory-confirmed case","Female","70 - 79","No","Missing","Missing","African American",1
"2020/01/08","Laboratory-confirmed case","Female","70 - 79","Yes","Yes","Yes","African American",1
"2020/01/08","Laboratory-confirmed case","Male","30 - 39","Yes","Missing","Missing","Latino",1
"2020/01/08","Laboratory-confirmed case","Male","50 - 59","No","Missing","No","Unknown",1
"2020/01/08","Laboratory-confirmed case","Male","60 - 69","Missing","Missing","Missing","AIAN",1
"2020/01/08","Laboratory-confirmed case","Male","60 - 69","Yes","Missing","Yes","Latino",1
"2020/01/08","Laboratory-confirmed case","Male","60 - 69","Yes","No","No","African American",1
"2020/01/08","Laboratory-confirmed case","Male","80+","Yes","Unknown","No","Caucasian",1
"2020/01/08","Probable Case","Female","60 - 69","No","Missing","No","Caucasian",1
"2020/01/08","Probable Case","Male","50 - 59","No","Missing","No","Unknown",1
"2020/01/08","Probable Case","Male","60 - 69","No","Unknown","Unknown","Unknown",1
"2020/01/09","Laboratory-confirmed case","Female","40 - 49","No","Unknown","No","Caucasian",1
"2020/01/09","Laboratory-confirmed case","Female","60 - 69","No","Missing","No","Caucasian",1
"2020/01/09","Laboratory-confirmed case","Female","60 - 69","No","Missing","Unknown","Latino",1
"2020/01/09","Laboratory-confirmed case","Female","60 - 69","No","No","No","Multiracial/Other",1
"2020/01/09","Laboratory-confirmed case","Male","0 - 9","Unknown","Missing","Unknown","Unknown",1
"2020/01/09","Laboratory-confirmed case","Male","70 - 79","Yes","Yes","No","Caucasian",1
"2020/01/09","Laboratory-confirmed case","Male","80+","Yes","Unknown","Unknown","Latino",1
"2020/01/09","Laboratory-confirmed case","Male","80+","Yes","Unknown","Yes","Unknown",1
"2020/01/09","Probable Case","Female","20 - 29","No","Unknown","No","Multiracial/Other",1
"2020/01/09","Probable Case","Female","60 - 69","No","Missing","No","Caucasian",1
"2020/01/10","Laboratory-confirmed case","Female","10 - 19","No","No","Missing","African American",1
"2020/01/10","Laboratory-confirmed case","Female","20 - 29","Missing","Missing","Unknown","Caucasian",1
"2020/01/10","Laboratory-confirmed case","Female","40 - 49","Missing","Missing","Missing","Unknown",1
"2020/01/10","Laboratory-confirmed case","Female","50 - 59","No","No","No","Caucasian",1
"2020/01/10","Laboratory-confirmed case","Female","50 - 59","Unknown","No","Unknown","Unknown",1
"2020/01/10","Laboratory-confirmed case","Female","60 - 69","Yes","Unknown","Unknown","African American",1
"2020/01/10","Laboratory-confirmed case","Female","70 - 79","Yes","Unknown","Unknown","Unknown",1
"2020/01/10","Laboratory-confirmed case","Female","80+","No","No","No","Caucasian",1
"2020/01/10","Laboratory-confirmed case","Female","80+","Yes","Missing","No","Caucasian",1
"2020/01/10","Laboratory-confirmed case","Female","80+","Yes","Unknown","Unknown","Latino",1
"2020/01/10","Laboratory-confirmed case","Male","10 - 19","No","Missing","Missing","African American",1
"2020/01/10","Laboratory-confirmed case","Male","10 - 19","Yes","Unknown","Unknown","Multiracial/Other",1
"2020/01/10","Laboratory-confirmed case","Male","20 - 29","Unknown","Missing","No","Unknown",1
"2020/01/10","Laboratory-confirmed case","Male","30 - 39","Yes","Unknown","Unknown","African American",1
"2020/01/10","Laboratory-confirmed case","Male","40 - 49","No","No","Unknown","African American",1
"2020/01/10","Laboratory-confirmed case","Male","50 - 59","No","Missing","No","Latino",1
"2020/01/10","Laboratory-confirmed case","Male","50 - 59","Unknown","Unknown","No","Caucasian",1
"2020/01/10","Laboratory-confirmed case","Male","60 - 69","No","Missing","Missing","African American",1
"2020/01/10","Laboratory-confirmed case","Male","60 - 69","Yes","Unknown","Unknown","African American",1
"2020/01/10","Laboratory-confirmed case","Male","60 - 69","Yes","Unknown","Yes","Latino",1
"2020/01/10","Laboratory-confirmed case","Male","80+","No","Missing","Yes","Caucasian",1
"2020/01/10","Laboratory-confirmed case","Male","80+","Yes","Unknown","No","Unknown",1
"2020/01/10","Probable Case","Female","10 - 19","No","Unknown","No","Unknown",1
"2020/01/10","Probable Case","Female","30 - 39","No","Unknown","No","Caucasian",1
"2020/01/10","Probable Case","Female","40 - 49","No","No","No","Latino",1
"2020/01/10","Probable Case","Female","50 - 59","No","Missing","No","Caucasian",1
"2020/01/10","Probable Case","Male","40 - 49","No","Missing","No","Unknown",1
"2020/01/10","Probable Case","Male","60 - 69","No","No","No","Caucasian",1
"2020/01/10","Probable Case","Male","70 - 79","No","No","No","Unknown",1
"2020/01/11","Laboratory-confirmed case","Female","10 - 19","No","Missing","No","Unknown",1
"2020/01/11","Laboratory-confirmed case","Female","10 - 19","No","No","No","Caucasian",1
"2020/01/11","Laboratory-confirmed case","Female","10 - 19","Unknown","Unknown","Unknown","African American",2
"2020/01/11","Laboratory-confirmed case","Female","30 - 39","No","No","No","Caucasian",1
"2020/01/11","Laboratory-confirmed case","Female","30 - 39","Unknown","Unknown","Unknown","Unknown",1
"2020/01/11","Laboratory-confirmed case","Female","40 - 49","Missing","Missing","Missing","Unknown",1
"2020/01/11","Laboratory-confirmed case","Female","60 - 69","No","Missing","Missing","Caucasian",1
"2020/01/11","Laboratory-confirmed case","Male","10 - 19","Missing","Missing","Missing","Caucasian",1
"2020/01/11","Laboratory-confirmed case","Male","30 - 39","No","Missing","No","African American",1
"2020/01/11","Laboratory-confirmed case","Male","50 - 59","Yes","Unknown","No","Unknown",1
"2020/01/11","Laboratory-confirmed case","Male","60 - 69","No","Missing","Missing","Caucasian",1
"2020/01/11","Laboratory-confirmed case","Male","60 - 69","Unknown","Missing","Unknown","Caucasian",1
"2020/01/11","Laboratory-confirmed case","Male","60 - 69","Yes","Yes","No","Unknown",1
"2020/01/11","Probable Case","Female","20 - 29","No","No","No","Caucasian",1
"2020/01/11","Probable Case","Female","20 - 29","No","Unknown","Unknown","Caucasian",1
"2020/01/11","Probable Case","Female","50 - 59","Unknown","Unknown","Unknown","Unknown",1
"2020/01/11","Probable Case","Male","40 - 49","No","Missing","No","Unknown",1
"2020/01/11","Probable Case","Male","70 - 79","No","Unknown","No","Latino",1
"2020/01/12","Laboratory-confirmed case","Female","30 - 39","Unknown","Missing","Missing","Unknown",1
"2020/01/12","Laboratory-confirmed case","Female","40 - 49","No","Missing","No","Latino",1
"2020/01/12","Laboratory-confirmed case","Female","40 - 49","No","Missing","No","Caucasian",1
"2020/01/12","Laboratory-confirmed case","Female","40 - 49","Yes","Missing","Missing","Caucasian",1
"2020/01/12","Laboratory-confirmed case","Female","70 - 79","No","Missing","No","Latino",1
"2020/01/12","Laboratory-confirmed case","Male","20 - 29","Unknown","Missing","Unknown","Caucasian",1
"2020/01/12","Laboratory-confirmed case","Male","30 - 39","No","Unknown","Unknown","Caucasian",1
"2020/01/12","Laboratory-confirmed case","Male","30 - 39","Yes","Missing","Missing","Caucasian",1
"2020/01/12","Laboratory-confirmed case","Male","40 - 49","Unknown","Missing","No","Unknown",1
"2020/01/12","Laboratory-confirmed case","Male","50 - 59","No","Missing","No","Caucasian",1
"2020/01/12","Laboratory-confirmed case","Male","50 - 59","Yes","Unknown","Yes","Latino",1
"2020/01/12","Laboratory-confirmed case","Male","60 - 69","No","Missing","Missing","Unknown",1
"2020/01/12","Laboratory-confirmed case","Male","70 - 79","No","Missing","No","Caucasian",1
"2020/01/12","Probable Case","Female","50 - 59","No","Missing","Missing","Caucasian",1
"2020/01/12","Probable Case","Female","50 - 59","No","Missing","No","Caucasian",1
"2020/01/12","Probable Case","Female","60 - 69","No","Missing","No","Caucasian",1
"2020/01/12","Probable Case","Male","40 - 49","No","No","No","Unknown",1
"2020/01/12","Probable Case","Male","40 - 49","No","No","No","Caucasian",1
"2020/01/12","Probable Case","Male","40 - 49","No","Unknown","Unknown","Unknown",1
"2020/01/12","Probable Case","Male","60 - 69","Yes","Missing","Missing","Caucasian",1
"2020/01/13","Laboratory-confirmed case","Female","10 - 19","Unknown","Missing","No","Unknown",1
"2020/01/13","Laboratory-confirmed case","Female","20 - 29","Yes","No","No","African American",1
"2020/01/13","Laboratory-confirmed case","Female","30 - 39","No","Missing","No","Unknown",1
"2020/01/13","Laboratory-confirmed case","Female","40 - 49","No","No","No","Caucasian",1
"2020/01/13","Laboratory-confirmed case","Female","50 - 59","No","No","No","Caucasian",1
"2020/01/13","Laboratory-confirmed case","Female","60 - 69","No","No","Unknown","Caucasian",1
"2020/01/13","Laboratory-confirmed case","Female","60 - 69","Yes","Unknown","No","Caucasian",1
"2020/01/13","Laboratory-confirmed case","Female","60 - 69","Yes","Unknown","Unknown","Asian",1
"2020/01/13","Laboratory-confirmed case","Female","70 - 79","No","Missing","No","Caucasian",1
"2020/01/13","Laboratory-confirmed case","Male","20 - 29","No","Missing","Missing","Latino",1
"2020/01/13","Laboratory-confirmed case","Male","20 - 29","No","Missing","No","Latino",1
"2020/01/13","Laboratory-confirmed case","Male","40 - 49","Missing","No","No","Unknown",1
"2020/01/13","Laboratory-confirmed case","Male","40 - 49","No","Missing","Missing","Caucasian",1
"2020/01/13","Laboratory-confirmed case","Male","50 - 59","Missing","Missing","Missing","Unknown",1
"2020/01/13","Laboratory-confirmed case","Male","50 - 59","Yes","Yes","No","Caucasian",1
"2020/01/13","Probable Case","Female","30 - 39","No","Unknown","No","Caucasian",1
"2020/01/13","Probable Case","Female","40 - 49","No","Missing","Unknown","Caucasian",1
"2020/01/13","Probable Case","Female","70 - 79","No","Missing","Missing","Caucasian",1
"2020/01/13","Probable Case","Male","30 - 39","Missing","Missing","Missing","Unknown",1
"2020/01/13","Probable Case","Male","30 - 39","No","No","No","Unknown",1
"2020/01/13","Probable Case","Male","40 - 49","Missing","Missing","No","Caucasian",1
"2020/01/13","Probable Case","Male","70 - 79","Yes","No","No","Unknown",1
"2020/01/14","Laboratory-confirmed case","Female","10 - 19","Missing","Missing","Missing","Unknown",1
"2020/01/14","Laboratory-confirmed case","Female","10 - 19","Missing","Missing","Missing","Caucasian",2
"2020/01/14","Laboratory-confirmed case","Female","20 - 29","Missing","Missing","Missing","AIAN",1
"2020/01/14","Laboratory-confirmed case","Female","20 - 29","Missing","Missing","Missing","Unknown",2
"2020/01/14","Laboratory-confirmed case","Female","20 - 29","Missing","Missing","Missing","Caucasian",1
"2020/01/14","Laboratory-confirmed case","Female","30 - 39","Missing","Missing","Missing","Latino",1
"2020/01/14","Laboratory-confirmed case","Female","30 - 39","Missing","Missing","Missing","Unknown",3
"2020/01/14","Laboratory-confirmed case","Female","30 - 39","Missing","Missing","Missing","Caucasian",6
"2020/01/14","Laboratory-confirmed case","Female","40 - 49","Missing","Missing","Missing","Latino",2
"2020/01/14","Laboratory-confirmed case","Female","40 - 49","Missing","Missing","Missing","Unknown",2
"2020/01/14","Laboratory-confirmed case","Female","40 - 49","Missing","Missing","Missing","Caucasian",4
"2020/01/14","Laboratory-confirmed case","Female","50 - 59","Missing","Missing","Missing","Latino",1
"2020/01/14","Laboratory-confirmed case","Female","50 - 59","Missing","Missing","Missing","Unknown",1
"2020/01/14","Laboratory-confirmed case","Female","50 - 59","Missing","Missing","Missing","Caucasian",1
"2020/01/14","Laboratory-confirmed case","Female","60 - 69","Missing","Missing","Missing","Unknown",1
"2020/01/14","Laboratory-confirmed case","Female","60 - 69","Missing","Missing","Missing","Caucasian",2
"2020/01/14","Laboratory-confirmed case","Female","60 - 69","No","Missing","No","Caucasian",1
"2020/01/14","Laboratory-confirmed case","Female","60 - 69","Yes","Missing","Yes","Unknown",1
"2020/01/14","Laboratory-confirmed case","Female","70 - 79","Missing","Missing","Missing","Unknown",3
"2020/01/14","Laboratory-confirmed case","Female","70 - 79","Yes","Missing","No","Caucasian",1
"2020/01/14","Laboratory-confirmed case","Male","0 - 9","Missing","Missing","Missing","AIAN",1
"2020/01/14","Laboratory-confirmed case","Male","0 - 9","No","Missing","Missing","Caucasian",1
"2020/01/14","Laboratory-confirmed case","Male","20 - 29","Missing","Missing","Missing","Unknown",2
"2020/01/14","Laboratory-confirmed case","Male","20 - 29","Missing","Missing","Missing","Caucasian",2
"2020/01/14","Laboratory-confirmed case","Male","30 - 39","Missing","Missing","Missing","AIAN",1
"2020/01/14","Laboratory-confirmed case","Male","30 - 39","Missing","Missing","Missing","Latino",1
"2020/01/14","Laboratory-confirmed case","Male","30 - 39","Missing","Missing","Missing","Unknown",1
"2020/01/14","Laboratory-confirmed case","Male","30 - 39","Missing","Missing","Missing","Caucasian",1
"2020/01/14","Laboratory-confirmed case","Male","30 - 39","No","Missing","Missing","Caucasian",1
"2020/01/14","Laboratory-confirmed case","Male","50 - 59","Missing","Missing","Missing","AIAN",1
"2020/01/14","Laboratory-confirmed case","Male","50 - 59","Missing","Missing","Missing","Caucasian",1
"2020/01/14","Laboratory-confirmed case","Male","50 - 59","No","Missing","No","Unknown",1
"2020/01/14","Laboratory-confirmed case","Male","50 - 59","Yes","No","No","Asian",1
"2020/01/14","Laboratory-confirmed case","Male","60 - 69","No","Missing","No","Unknown",1
"2020/01/14","Laboratory-confirmed case","Male","60 - 69","Yes","No","No","Caucasian",1
"2020/01/14","Laboratory-confirmed case","Male","70 - 79","Missing","Missing","Missing","Asian",1
"2020/01/14","Laboratory-confirmed case","Male","70 - 79","Missing","Missing","Missing","Caucasian",3
"2020/01/14","Laboratory-confirmed case","Male","70 - 79","Unknown","Missing","No","Caucasian",1
"2020/01/14","Laboratory-confirmed case","Male","80+","Missing","Missing","Missing","Unknown",1
"2020/01/14","Laboratory-confirmed case","Male","80+","Missing","Missing","Missing","Caucasian",1
"2020/01/14","Laboratory-confirmed case","Male","80+","Yes","Unknown","No","Asian",1
"2020/01/14","Probable Case","Female","50 - 59","Unknown","Unknown","No","Unknown",1
"2020/01/14","Probable Case","Female","60 - 69","No","Missing","No","Multiracial/Other",1
"2020/01/14","Probable Case","Female","60 - 69","No","Unknown","Unknown","Caucasian",1
"2020/01/15","Laboratory-confirmed case","Female","10 - 19","Missing","Missing","Missing","Unknown",1
"2020/01/15","Laboratory-confirmed case","Female","30 - 39","No","Missing","Missing","Caucasian",1
"2020/01/15","Laboratory-confirmed case","Female","30 - 39","No","Missing","No","Latino",1
"2020/01/15","Laboratory-confirmed case","Female","40 - 49","Missing","Missing","Yes","African American",1
"2020/01/15","Laboratory-confirmed case","Female","40 - 49","No","Missing","No","Caucasian",1
"2020/01/15","Laboratory-confirmed case","Female","50 - 59","No","Missing","No","African American",1
"2020/01/15","Laboratory-confirmed case","Female","60 - 69","Missing","Missing","No","Caucasian",1
"2020/01/15","Laboratory-confirmed case","Female","60 - 69","Yes","Missing","Yes","Unknown",1
"2020/01/15","Laboratory-confirmed case","Female","70 - 79","No","Missing","No","Caucasian",1
"2020/01/15","Laboratory-confirmed case","Female","70 - 79","Yes","Missing","No","Caucasian",1
"2020/01/15","Laboratory-confirmed case","Male","20 - 29","No","Missing","No","Latino",1
"2020/01/15","Laboratory-confirmed case","Male","20 - 29","No","Missing","No","Caucasian",1
"2020/01/15","Laboratory-confirmed case","Male","20 - 29","Unknown","Missing","No","Unknown",1
"2020/01/15","Laboratory-confirmed case","Male","40 - 49","No","Missing","No","Unknown",1
"2020/01/15","Laboratory-confirmed case","Male","40 - 49","No","No","No","Caucasian",1
"2020/01/15","Laboratory-confirmed case","Male","40 - 49","Unknown","Unknown","No","Latino",1
"2020/01/15","Laboratory-confirmed case","Male","50 - 59","Missing","Missing","Missing","Caucasian",1
"2020/01/15","Laboratory-confirmed case","Male","50 - 59","No","Missing","Missing","Caucasian",1
"2020/01/15","Laboratory-confirmed case","Male","50 - 59","No","Missing","No","African American",1
"2020/01/15","Laboratory-confirmed case","Male","50 - 59","No","Missing","Unknown","Unknown",1
"2020/01/15","Laboratory-confirmed case","Male","50 - 59","No","No","No","Latino",1
"2020/01/15","Laboratory-confirmed case","Male","60 - 69","No","No","No","African American",1
"2020/01/15","Laboratory-confirmed case","Male","60 - 69","Unknown","Unknown","Unknown","Unknown",1
"2020/01/15","Laboratory-confirmed case","Male","70 - 79","Yes","Yes","Unknown","Latino",1
"2020/01/15","Probable Case","Female","10 - 19","No","Unknown","Unknown","Caucasian",1
"2020/01/15","Probable Case","Female","20 - 29","No","Missing","No","Caucasian",1
"2020/01/15","Probable Case","Female","30 - 39","No","No","No","Caucasian",1
"2020/01/15","Probable Case","Female","40 - 49","No","No","No","Caucasian",1
"2020/01/15","Probable Case","Female","50 - 59","No","Missing","Missing","Caucasian",1
"2020/01/15","Probable Case","Female","50 - 59","No","Missing","No","Unknown",1
"2020/01/15","Probable Case","Female","50 - 59","No","Missing","No","Caucasian",1
"2020/01/15","Probable Case","Female","50 - 59","No","No","No","Unknown",1
"2020/01/15","Probable Case","Female","50 - 59","No","No","No","Caucasian",1
"2020/01/15","Probable Case","Female","50 - 59","Unknown","Missing","Unknown","Unknown",1
"2020/01/15","Probable Case","Female","60 - 69","No","No","No","Caucasian",2
"2020/01/15","Probable Case","Male","10 - 19","No","Missing","No","Caucasian",1
"2020/01/15","Probable Case","Male","40 - 49","No","Missing","No","Caucasian",1
"2020/01/15","Probable Case","Male","40 - 49","No","No","No","Caucasian",1
"2020/01/15","Probable Case","Male","40 - 49","No","Unknown","Unknown","Caucasian",1
"2020/01/15","Probable Case","Male","40 - 49","Unknown","Missing","No","Multiracial/Other",1
"2020/01/15","Probable Case","Male","50 - 59","Missing","Missing","Missing","Caucasian",1
"2020/01/15","Probable Case","Male","50 - 59","Unknown","Missing","Unknown","Unknown",1
"2020/01/15","Probable Case","Male","60 - 69","No","Missing","Missing","Unknown",1
"2020/01/15","Probable Case","Male","60 - 69","No","No","No","Unknown",1
"2020/01/15","Probable Case","Male","70 - 79","No","No","No","Caucasian",2
"2020/01/16","Laboratory-confirmed case","Female","10 - 19","No","No","No","Caucasian",1
"2020/01/16","Laboratory-confirmed case","Female","40 - 49","No","Missing","No","Unknown",1
"2020/01/16","Laboratory-confirmed case","Female","50 - 59","Yes","Missing","No","Caucasian",1
"2020/01/16","Laboratory-confirmed case","Male","20 - 29","No","Unknown","No","Unknown",1
"2020/01/16","Laboratory-confirmed case","Male","30 - 39","Missing","Missing","Missing","Asian",1
"2020/01/16","Laboratory-confirmed case","Male","30 - 39","No","Missing","No","Multiracial/Other",1
"2020/01/16","Laboratory-confirmed case","Male","30 - 39","Yes","No","No","Asian",1
"2020/01/16","Laboratory-confirmed case","Male","60 - 69","Missing","Missing","No","Caucasian",1
"2020/01/16","Laboratory-confirmed case","Male","60 - 69","No","Missing","Yes","Caucasian",1
"2020/01/16","Probable Case","Female","40 - 49","No","No","No","Caucasian",1
"2020/01/16","Probable Case","Male","20 - 29","No","No","No","Caucasian",1
"2020/01/16","Probable Case","Male","40 - 49","No","Missing","No","Asian",1
"2020/01/17","Laboratory-confirmed case","Female","0 - 9","Missing","No","Missing","Latino",1
"2020/01/17","Laboratory-confirmed case","Female","20 - 29","Missing","Missing","Missing","Caucasian",1
"2020/01/17","Laboratory-confirmed case","Female","20 - 29","No","Missing","Missing","Caucasian",1
"2020/01/17","Laboratory-confirmed case","Female","20 - 29","No","Missing","No","Unknown",1
"2020/01/17","Laboratory-confirmed case","Female","20 - 29","No","Missing","No","Caucasian",1
"2020/01/17","Laboratory-confirmed case","Female","30 - 39","Missing","Missing","No","Caucasian",1
"2020/01/17","Laboratory-confirmed case","Female","40 - 49","No","Missing","Missing","Unknown",1
"2020/01/17","Laboratory-confirmed case","Female","40 - 49","No","Missing","Missing","Caucasian",1
"2020/01/17","Laboratory-confirmed case","Female","50 - 59","Missing","Missing","Missing","Caucasian",1
"2020/01/17","Laboratory-confirmed case","Female","50 - 59","No","Missing","No","Latino",1
"2020/01/17","Laboratory-confirmed case","Female","60 - 69","Yes","Yes","Yes","Caucasian",1
"2020/01/17","Laboratory-confirmed case","Female","70 - 79","No","Missing","No","Multiracial/Other",1
"2020/01/17","Laboratory-confirmed case","Female","70 - 79","Yes","Yes","Unknown","Unknown",1
"2020/01/17","Laboratory-confirmed case","Male","0 - 9","No","Unknown","Unknown","Unknown",1
"2020/01/17","Laboratory-confirmed case","Male","10 - 19","Missing","Missing","Missing","Unknown",1
"2020/01/17","Laboratory-confirmed case","Male","10 - 19","Unknown","Missing","Unknown","Caucasian",1
"2020/01/17","Laboratory-confirmed case","Male","20 - 29","Missing","Missing","Missing","Missing",1
"2020/01/17","Laboratory-confirmed case","Male","20 - 29","No","Missing","Unknown","Caucasian",2
"2020/01/17","Laboratory-confirmed case","Male","20 - 29","Unknown","Missing","No","Unknown",1
"2020/01/17","Laboratory-confirmed case","Male","30 - 39","No","Missing","Missing","NHPI",1
"2020/01/17","Laboratory-confirmed case","Male","30 - 39","No","Missing","No","Unknown",1
"2020/01/17","Laboratory-confirmed case","Male","30 - 39","Yes","Unknown","Unknown","Unknown",1
"2020/01/17","Laboratory-confirmed case","Male","60 - 69","No","Missing","No","Caucasian",1
"2020/01/17","Laboratory-confirmed case","Male","60 - 69","Unknown","Missing","No","African American",1
"2020/01/17","Probable Case","Female","20 - 29","No","Missing","No","Latino",1
"2020/01/17","Probable Case","Female","40 - 49","No","Missing","No","Caucasian",1
"2020/01/17","Probable Case","Female","50 - 59","No","Missing","No","Caucasian",1
"2020/01/18","Laboratory-confirmed case","Female","30 - 39","Missing","Missing","Missing","Caucasian",1
"2020/01/18","Laboratory-confirmed case","Female","30 - 39","No","Unknown","No","African American",1
"2020/01/18","Laboratory-confirmed case","Female","40 - 49","No","No","No","Unknown",1
"2020/01/18","Laboratory-confirmed case","Female","60 - 69","No","Missing","Missing","Caucasian",1
"2020/01/18","Laboratory-confirmed case","Male","30 - 39","Missing","Missing","Missing","Unknown",1
"2020/01/18","Laboratory-confirmed case","Male","30 - 39","Yes","Missing","Missing","African American",1
"2020/01/18","Laboratory-confirmed case","Male","40 - 49","No","Missing","No","Unknown",1
"2020/01/18","Laboratory-confirmed case","Male","50 - 59","Missing","Missing","No","Unknown",1
"2020/01/18","Laboratory-confirmed case","Male","50 - 59","No","Missing","No","Caucasian",1
"2020/01/18","Laboratory-confirmed case","Male","70 - 79","No","Missing","Unknown","Unknown",1
"2020/01/18","Laboratory-confirmed case","Male","80+","Yes","Unknown","Yes","Caucasian",1
"2020/01/18","Probable Case","Female","20 - 29","No","No","No","Caucasian",1
"2020/01/18","Probable Case","Female","30 - 39","No","No","No","Caucasian",1
"2020/01/18","Probable Case","Female","40 - 49","No","No","No","Caucasian",1
"2020/01/18","Probable Case","Male","20 - 29","No","Missing","No","Caucasian",1
"2020/01/19","Laboratory-confirmed case","Female","0 - 9","No","Unknown","No","Caucasian",1
"2020/01/19","Laboratory-confirmed case","Female","40 - 49","Missing","Missing","Missing","Unknown",1
"2020/01/19","Laboratory-confirmed case","Female","40 - 49","No","Missing","No","Caucasian",1
"2020/01/19","Laboratory-confirmed case","Female","50 - 59","No","No","No","Caucasian",1
"2020/01/19","Laboratory-confirmed case","Female","60 - 69","No","Missing","No","Latino",1
"2020/01/19","Laboratory-confirmed case","Female","70 - 79","No","Missing","No","Caucasian",1
"2020/01/19","Laboratory-confirmed case","Male","30 - 39","Missing","Missing","Missing","Caucasian",1
"2020/01/19","Laboratory-confirmed case","Male","40 - 49","Missing","Missing","Missing","African American",1
"2020/01/19","Laboratory-confirmed case","Male","40 - 49","No","No","Unknown","Unknown",1
"2020/01/19","Laboratory-confirmed case","Male","40 - 49","Unknown","Missing","No","Unknown",1
"2020/01/19","Laboratory-confirmed case","Male","40 - 49","Unknown","Unknown","Unknown","Unknown",1
"2020/01/19","Laboratory-confirmed case","Male","60 - 69","No","Missing","No","Caucasian",1
"2020/01/19","Laboratory-confirmed case","Male","60 - 69","Yes","Unknown","Unknown","Latino",1
"2020/01/19","Laboratory-confirmed case","Male","80+","Yes","Unknown","No","Unknown",1
"2020/01/19","Probable Case","Female","30 - 39","No","No","No","Caucasian",1
"2020/01/19","Probable Case","Female","40 - 49","No","No","No","Unknown",1
"2020/01/19","Probable Case","Female","50 - 59","Missing","Missing","Missing","Unknown",1
"2020/01/19","Probable Case","Female","50 - 59","No","Missing","No","Unknown",1
"2020/01/19","Probable Case","Male","50 - 59","No","Unknown","No","Caucasian",1
"2020/01/20","Laboratory-confirmed case","Female","0 - 9","Yes","Unknown","Unknown","African American",1
"2020/01/20","Laboratory-confirmed case","Female","20 - 29","Missing","Missing","Missing","Caucasian",1
"2020/01/20","Laboratory-confirmed case","Female","20 - 29","No","Missing","No","Multiracial/Other",1
"2020/01/20","Laboratory-confirmed case","Female","20 - 29","No","No","No","Latino",1
"2020/01/20","Laboratory-confirmed case","Female","30 - 39","Missing","Missing","Missing","Latino",1
"2020/01/20","Laboratory-confirmed case","Female","40 - 49","Yes","Missing","No","African American",1
"2020/01/20","Laboratory-confirmed case","Female","50 - 59","Missing","Missing","Missing","Unknown",1
"2020/01/20","Laboratory-confirmed case","Female","50 - 59","No","No","No","Caucasian",1
"2020/01/20","Laboratory-confirmed case","Female","60 - 69","No","Missing","No","Caucasian",2
"2020/01/20","Laboratory-confirmed case","Female","60 - 69","No","No","No","AIAN",1
"2020/01/20","Laboratory-confirmed case","Female","60 - 69","Yes","Missing","No","African American",1
"2020/01/20","Laboratory-confirmed case","Male","40 - 49","No","Missing","No","Caucasian",1
"2020/01/20","Laboratory-confirmed case","Male","40 - 49","Yes","Yes","No","African American",1
"2020/01/20","Laboratory-confirmed case","Male","50 - 59","Missing","Missing","Missing","Caucasian",1
"2020/01/20","Laboratory-confirmed case","Male","50 - 59","Missing","Missing","No","African American",1
"2020/01/20","Laboratory-confirmed case","Male","60 - 69","No","Missing","No","Caucasian",1
"2020/01/20","Laboratory-confirmed case","Male","70 - 79","Yes","Missing","Yes","Caucasian",1
"2020/01/20","Laboratory-confirmed case","Male","80+","No","Missing","No","Caucasian",1
"2020/01/20","Probable Case","Female","20 - 29","No","Missing","Missing","Caucasian",1
"2020/01/20","Probable Case","Female","30 - 39","No","Missing","No","Caucasian",1
"2020/01/20","Probable Case","Female","30 - 39","No","No","Unknown","Unknown",1
"2020/01/20","Probable Case","Female","40 - 49","No","Missing","No","Caucasian",1
"2020/01/20","Probable Case","Female","40 - 49","No","Unknown","Unknown","Multiracial/Other",1
"2020/01/20","Probable Case","Female","50 - 59","No","No","No","Caucasian",1
"2020/01/20","Probable Case","Female","50 - 59","No","Unknown","No","Latino",1
"2020/01/20","Probable Case","Female","60 - 69","No","Unknown","No","Caucasian",1
"2020/01/20","Probable Case","Female","70 - 79","No","Missing","No","Caucasian",1
"2020/01/20","Probable Case","Male","10 - 19","No","Missing","No","Caucasian",2
"2020/01/20","Probable Case","Male","30 - 39","Missing","Missing","Missing","Unknown",1
"2020/01/20","Probable Case","Male","30 - 39","No","No","No","Unknown",1
"2020/01/20","Probable Case","Male","40 - 49","No","Unknown","No","Caucasian",1
"2020/01/20","Probable Case","Male","50 - 59","Missing","Missing","Missing","Caucasian",1
"2020/01/20","Probable Case","Male","50 - 59","No","Missing","Missing","Caucasian",2
"2020/01/20","Probable Case","Male","60 - 69","No","No","No","Caucasian",1
"2020/01/20","Probable Case","Male","80+","No","Missing","No","Caucasian",1
"2020/01/21","Laboratory-confirmed case","Female","0 - 9","Missing","Missing","Missing","AIAN",1
"2020/01/21","Laboratory-confirmed case","Female","10 - 19","Missing","Missing","Missing","AIAN",1
"2020/01/21","Laboratory-confirmed case","Female","10 - 19","Missing","Missing","Missing","Caucasian",2
"2020/01/21","Laboratory-confirmed case","Female","20 - 29","Missing","Missing","Missing","AIAN",1
"2020/01/21","Laboratory-confirmed case","Female","20 - 29","Missing","Missing","Missing","Caucasian",2
"2020/01/21","Laboratory-confirmed case","Female","30 - 39","Missing","Missing","Missing","AIAN",1
"2020/01/21","Laboratory-confirmed case","Female","30 - 39","Missing","Missing","Missing","Unknown",2
"2020/01/21","Laboratory-confirmed case","Female","30 - 39","Missing","Missing","Missing","Caucasian",3
"2020/01/21","Laboratory-confirmed case","Female","40 - 49","Missing","Missing","Missing","Unknown",1
"2020/01/21","Laboratory-confirmed case","Female","40 - 49","Missing","Missing","Missing","Caucasian",2
"2020/01/21","Laboratory-confirmed case","Female","50 - 59","Missing","Missing","Missing","AIAN",1
"2020/01/21","Laboratory-confirmed case","Female","50 - 59","Missing","Missing","Missing","Caucasian",3
"2020/01/21","Laboratory-confirmed case","Female","60 - 69","Missing","Missing","Missing","Unknown",1
"2020/01/21","Laboratory-confirmed case","Female","70 - 79","Missing","Missing","Missing","Caucasian",2
"2020/01/21","Laboratory-confirmed case","Female","80+","Missing","Missing","Missing","Caucasian",1
"2020/01/21","Laboratory-confirmed case","Female","80+","Yes","Unknown","Yes","African American",1
"2020/01/21","Laboratory-confirmed case","Male","0 - 9","Missing","Missing","Missing","AIAN",1
"2020/01/21","Laboratory-confirmed case","Male","10 - 19","Missing","Missing","Missing","AIAN",1
"2020/01/21","Laboratory-confirmed case","Male","10 - 19","Missing","Missing","Missing","Caucasian",2
"2020/01/21","Laboratory-confirmed case","Male","10 - 19","No","Missing","No","Multiracial/Other",1
"2020/01/21","Laboratory-confirmed case","Male","20 - 29","Missing","Missing","Missing","AIAN",1
"2020/01/21","Laboratory-confirmed case","Male","20 - 29","Missing","Missing","Missing","Unknown",1
"2020/01/21","Laboratory-confirmed case","Male","20 - 29","Missing","Missing","Missing","Caucasian",2
"2020/01/21","Laboratory-confirmed case","Male","20 - 29","No","Missing","No","Asian",1
"2020/01/21","Laboratory-confirmed case","Male","30 - 39","Missing","Missing","Missing","AIAN",1
"2020/01/21","Laboratory-confirmed case","Male","30 - 39","Missing","Missing","Missing","Unknown",1
"2020/01/21","Laboratory-confirmed case","Male","30 - 39","Missing","Missing","Missing","Caucasian",1
"2020/01/21","Laboratory-confirmed case","Male","30 - 39","Yes","Yes","No","Asian",1
"2020/01/21","Laboratory-confirmed case","Male","40 - 49","Missing","Missing","Missing","African American",1
"2020/01/21","Laboratory-confirmed case","Male","40 - 49","Missing","Missing","Missing","Unknown",2
"2020/01/21","Laboratory-confirmed case","Male","40 - 49","Missing","Missing","Missing","Caucasian",3
"2020/01/21","Laboratory-confirmed case","Male","40 - 49","No","Missing","No","Unknown",1
"2020/01/21","Laboratory-confirmed case","Male","50 - 59","Missing","Missing","Missing","Unknown",1
"2020/01/21","Laboratory-confirmed case","Male","50 - 59","Missing","Missing","Missing","Caucasian",2
"2020/01/21","Laboratory-confirmed case","Male","60 - 69","Missing","Missing","Missing","Unknown",2
"2020/01/21","Laboratory-confirmed case","Male","60 - 69","Missing","Missing","Missing","Caucasian",1
"2020/01/21","Laboratory-confirmed case","Male","70 - 79","No","No","No","Caucasian",1
"2020/01/21","Laboratory-confirmed case","Male","80+","Missing","Missing","Missing","Unknown",1
"2020/01/21","Laboratory-confirmed case","Male","80+","Missing","Missing","Missing","Caucasian",1
"2020/01/21","Probable Case","Female","20 - 29","No","Missing","No","Caucasian",1
"2020/01/21","Probable Case","Female","50 - 59","No","No","No","Unknown",1
"2020/01/21","Probable Case","Female","50 - 59","Unknown","Unknown","No","Caucasian",1
"2020/01/21","Probable Case","Female","60 - 69","Missing","Missing","Missing","Caucasian",1
"2020/01/21","Probable Case","Female","70 - 79","No","Unknown","Unknown","Caucasian",1
"2020/01/21","Probable Case","Male","20 - 29","No","Missing","Unknown","Unknown",1
"2020/01/21","Probable Case","Male","70 - 79","No","No","No","Caucasian",1
"2020/01/21","Probable Case","Male","70 - 79","No","Unknown","Unknown","Unknown",1
"2020/01/21","Probable Case","Unknown","10 - 19","Yes","Missing","No","Caucasian",1
"2020/01/22","Laboratory-confirmed case","Female","10 - 19","Missing","Missing","Missing","Unknown",1
"2020/01/22","Laboratory-confirmed case","Female","10 - 19","No","Missing","Unknown","Latino",1
"2020/01/22","Laboratory-confirmed case","Female","40 - 49","Missing","Missing","Missing","Caucasian",1
"2020/01/22","Laboratory-confirmed case","Female","50 - 59","Missing","Missing","No","Unknown",1
"2020/01/22","Laboratory-confirmed case","Female","50 - 59","Missing","Missing","No","Caucasian",1
"2020/01/22","Laboratory-confirmed case","Female","60 - 69","Unknown","Missing","No","Unknown",1
"2020/01/22","Laboratory-confirmed case","Female","60 - 69","Yes","Yes","Unknown","Caucasian",1
"2020/01/22","Laboratory-confirmed case","Female","70 - 79","Yes","Missing","Missing","Caucasian",1
"2020/01/22","Laboratory-confirmed case","Female","80+","Yes","Unknown","No","Caucasian",1
"2020/01/22","Laboratory-confirmed case","Male","20 - 29","No","No","No","Asian",1
"2020/01/22","Laboratory-confirmed case","Male","20 - 29","No","No","No","Caucasian",1
"2020/01/22","Laboratory-confirmed case","Male","30 - 39","No","Missing","No","Unknown",1
"2020/01/22","Laboratory-confirmed case","Male","60 - 69","Missing","Missing","Missing","Asian",1
"2020/01/22","Probable Case","Female","40 - 49","No","No","Unknown","Asian",1
"2020/01/22","Probable Case","Female","60 - 69","Missing","Missing","Missing","Unknown",1
"2020/01/22","Probable Case","Female","60 - 69","No","No","No","Unknown",1
"2020/01/22","Probable Case","Male","50 - 59","No","No","No","Caucasian",1
"2020/01/23","Laboratory-confirmed case","Female","10 - 19","No","No","No","Caucasian",1
"2020/01/23","Laboratory-confirmed case","Female","10 - 19","No","Unknown","Unknown","Unknown",1
"2020/01/23","Laboratory-confirmed case","Female","20 - 29","Unknown","Missing","No","Asian",1
"2020/01/23","Laboratory-confirmed case","Female","20 - 29","Yes","Yes","No","Multiracial/Other",1
"2020/01/23","Laboratory-confirmed case","Female","30 - 39","Unknown","Missing","No","Caucasian",1
"2020/01/23","Laboratory-confirmed case","Female","50 - 59","No","Missing","Missing","Caucasian",2
"2020/01/23","Laboratory-confirmed case","Female","50 - 59","No","Missing","No","Caucasian",1
"2020/01/23","Laboratory-confirmed case","Female","50 - 59","Yes","No","Missing","Missing",1
"2020/01/23","Laboratory-confirmed case","Female","60 - 69","No","Missing","No","Caucasian",1
"2020/01/23","Laboratory-confirmed case","Female","70 - 79","Yes","No","No","Caucasian",1
"2020/01/23","Laboratory-confirmed case","Female","80+","No","Missing","No","Caucasian",1
"2020/01/23","Laboratory-confirmed case","Female","80+","Unknown","Unknown","Unknown","Unknown",1
"2020/01/23","Laboratory-confirmed case","Male","0 - 9","Missing","Missing","Missing","Unknown",1
"2020/01/23","Laboratory-confirmed case","Male","10 - 19","Missing","Missing","Missing","Latino",1
"2020/01/23","Laboratory-confirmed case","Male","20 - 29","No","Missing","No","Latino",1
"2020/01/23","Laboratory-confirmed case","Male","20 - 29","Yes","Yes","No","African American",1
"2020/01/23","Laboratory-confirmed case","Male","40 - 49","No","Missing","No","Unknown",1
"2020/01/23","Laboratory-confirmed case","Male","40 - 49","No","Missing","No","Caucasian",1
"2020/01/23","Laboratory-confirmed case","Male","60 - 69","Unknown","Missing","Unknown","Unknown",1
"2020/01/23","Laboratory-confirmed case","Male","60 - 69","Unknown","Unknown","Unknown","African American",1
"2020/01/23","Probable Case","Female","30 - 39","Missing","Missing","Missing","Caucasian",1
"2020/01/23","Probable Case","Female","50 - 59","No","Missing","Missing","Caucasian",1
"2020/01/23","Probable Case","Female","50 - 59","No","Missing","No","Unknown",1
"2020/01/23","Probable Case","Female","60 - 69","No","Missing","Missing","Unknown",1
"2020/01/24","Laboratory-confirmed case","Female","20 - 29","Unknown","Missing","No","Unknown",1
"2020/01/24","Laboratory-confirmed case","Female","20 - 29","Yes","No","No","Unknown",1
"2020/01/24","Laboratory-confirmed case","Female","30 - 39","No","Missing","No","Unknown",1
"2020/01/24","Laboratory-confirmed case","Female","50 - 59","No","Missing","No","Multiracial/Other",1
"2020/01/24","Laboratory-confirmed case","Female","60 - 69","No","Unknown","No","Latino",1
"2020/01/24","Laboratory-confirmed case","Female","60 - 69","Yes","Unknown","Unknown","Unknown",1
"2020/01/24","Laboratory-confirmed case","Male","10 - 19","No","Missing","Missing","Unknown",1
"2020/01/24","Laboratory-confirmed case","Male","10 - 19","Unknown","Missing","No","Unknown",1
"2020/01/24","Laboratory-confirmed case","Male","40 - 49","Missing","Missing","Missing","Latino",1
"2020/01/24","Laboratory-confirmed case","Male","40 - 49","No","Missing","No","Asian",1
"2020/01/24","Laboratory-confirmed case","Male","40 - 49","No","Missing","No","Caucasian",1
"2020/01/24","Laboratory-confirmed case","Male","50 - 59","Missing","Missing","Missing","Unknown",1
"2020/01/24","Laboratory-confirmed case","Male","60 - 69","No","Missing","No","Unknown",1
"2020/01/24","Laboratory-confirmed case","Male","60 - 69","Unknown","Unknown","Unknown","African American",1
"2020/01/24","Laboratory-confirmed case","Male","70 - 79","Yes","Unknown","Yes","Unknown",1
"2020/01/24","Probable Case","Female","10 - 19","No","No","No","Unknown",1
"2020/01/24","Probable Case","Female","40 - 49","No","No","Unknown","Caucasian",1
"2020/01/24","Probable Case","Male","40 - 49","Missing","Missing","Missing","Unknown",1
"2020/01/25","Laboratory-confirmed case","Female","10 - 19","Missing","Missing","Missing","Unknown",2
"2020/01/25","Laboratory-confirmed case","Female","20 - 29","No","Missing","No","Unknown",1
"2020/01/25","Laboratory-confirmed case","Female","40 - 49","Yes","No","No","Caucasian",1
"2020/01/25","Laboratory-confirmed case","Female","50 - 59","No","Missing","Missing","Caucasian",1
"2020/01/25","Laboratory-confirmed case","Female","50 - 59","Yes","Missing","No","Latino",1
"2020/01/25","Laboratory-confirmed case","Female","60 - 69","No","Missing","No","African American",1
"2020/01/25","Laboratory-confirmed case","Female","60 - 69","No","Missing","No","Latino",2
"2020/01/25","Laboratory-confirmed case","Male","20 - 29","No","Missing","No","Unknown",1
"2020/01/25","Laboratory-confirmed case","Male","20 - 29","No","Missing","No","Caucasian",1
"2020/01/25","Laboratory-confirmed case","Male","20 - 29","No","No","No","Asian",1
"2020/01/25","Laboratory-confirmed case","Male","30 - 39","No","Missing","No","Unknown",1
"2020/01/25","Laboratory-confirmed case","Male","30 - 39","No","No","No","Caucasian",1
"2020/01/25","Laboratory-confirmed case","Male","50 - 59","Missing","Missing","No","Unknown",1
"2020/01/25","Laboratory-confirmed case","Male","50 - 59","Yes","Missing","No","Asian",1
"2020/01/25","Laboratory-confirmed case","Male","70 - 79","No","Missing","Missing","Caucasian",1
"2020/01/25","Laboratory-confirmed case","Male","70 - 79","Yes","Unknown","No","African American",1
"2020/01/25","Probable Case","Female","50 - 59","Missing","Missing","Missing","Unknown",1
"2020/01/25","Probable Case","Male","30 - 39","No","No","No","Unknown",1
"2020/01/25","Probable Case","Male","40 - 49","No","Unknown","Unknown","Caucasian",1
"2020/01/26","Laboratory-confirmed case","Female","10 - 19","No","Missing","No","Unknown",1
"2020/01/26","Laboratory-confirmed case","Female","10 - 19","No","No","No","African American",1
"2020/01/26","Laboratory-confirmed case","Female","20 - 29","Missing","Missing","Missing","Caucasian",1
"2020/01/26","Laboratory-confirmed case","Female","20 - 29","No","Missing","No","Latino",1
"2020/01/26","Laboratory-confirmed case","Female","30 - 39","No","No","No","Latino",1
"2020/01/26","Laboratory-confirmed case","Female","40 - 49","No","Missing","No","Caucasian",1
"2020/01/26","Laboratory-confirmed case","Female","70 - 79","Yes","Unknown","Unknown","Latino",1
"2020/01/26","Laboratory-confirmed case","Male","20 - 29","No","Missing","No","Caucasian",1
"2020/01/26","Laboratory-confirmed case","Male","30 - 39","No","Missing","Missing","Unknown",1
"2020/01/26","Laboratory-confirmed case","Male","50 - 59","No","Missing","No","AIAN",1
"2020/01/26","Laboratory-confirmed case","Male","60 - 69","No","No","No","Caucasian",1
"2020/01/26","Laboratory-confirmed case","Male","70 - 79","Yes","Yes","Yes","Caucasian",1
"2020/01/26","Laboratory-confirmed case","Male","80+","Missing","Missing","Missing","Caucasian",1
"2020/01/26","Laboratory-confirmed case","Male","80+","No","Missing","No","Caucasian",1
"2020/01/26","Probable Case","Female","60 - 69","No","Missing","No","Caucasian",1
"2020/01/26","Probable Case","Female","60 - 69","No","No","No","Unknown",1
"2020/01/26","Probable Case","Male","10 - 19","No","Unknown","No","Latino",1
"2020/01/26","Probable Case","Male","30 - 39","No","Missing","No","Unknown",1
"2020/01/26","Probable Case","Male","40 - 49","No","No","No","Caucasian",1
"2020/01/26","Probable Case","Male","50 - 59","Missing","Unknown","No","Unknown",1
"2020/01/26","Probable Case","Unknown","40 - 49","Missing","No","No","Unknown",1
"2020/01/27","Laboratory-confirmed case","Female","0 - 9","No","Missing","No","Unknown",1
"2020/01/27","Laboratory-confirmed case","Female","20 - 29","No","Missing","No","Latino",1
"2020/01/27","Laboratory-confirmed case","Female","40 - 49","Missing","Missing","Missing","Caucasian",1
"2020/01/27","Laboratory-confirmed case","Female","50 - 59","Missing","Missing","Missing","Unknown",1
"2020/01/27","Laboratory-confirmed case","Female","50 - 59","No","Missing","No","Asian",1
"2020/01/27","Laboratory-confirmed case","Female","50 - 59","No","Missing","No","Multiracial/Other",1
"2020/01/27","Laboratory-confirmed case","Female","60 - 69","Missing","Missing","Missing","Caucasian",1
"2020/01/27","Laboratory-confirmed case","Female","60 - 69","No","Missing","Missing","Caucasian",1
"2020/01/27","Laboratory-confirmed case","Female","60 - 69","No","Missing","No","Multiracial/Other",1
"2020/01/27","Laboratory-confirmed case","Female","60 - 69","No","Missing","No","Unknown",1
"2020/01/27","Laboratory-confirmed case","Female","60 - 69","No","No","No","Unknown",1
"2020/01/27","Laboratory-confirmed case","Female","80+","Yes","Unknown","Unknown","Latino",1
"2020/01/27","Laboratory-confirmed case","Male","20 - 29","No","Missing","Missing","Unknown",1
"2020/01/27","Laboratory-confirmed case","Male","30 - 39","Missing","Missing","No","Unknown",1
"2020/01/27","Laboratory-confirmed case","Male","30 - 39","No","No","Missing","Multiracial/Other",1
"2020/01/27","Laboratory-confirmed case","Male","40 - 49","No","Missing","No","Latino",1
"2020/01/27","Laboratory-confirmed case","Male","40 - 49","No","No","No","Asian",1
"2020/01/27","Laboratory-confirmed case","Male","50 - 59","Yes","Unknown","Unknown","Multiracial/Other",1
"2020/01/27","Laboratory-confirmed case","Male","50 - 59","Yes","Unknown","Yes","Latino",1
"2020/01/27","Laboratory-confirmed case","Male","60 - 69","No","No","No","Unknown",1
"2020/01/27","Laboratory-confirmed case","Male","60 - 69","Yes","Missing","No","African American",1
"2020/01/27","Laboratory-confirmed case","Male","60 - 69","Yes","Unknown","Yes","Latino",1
"2020/01/27","Laboratory-confirmed case","Male","70 - 79","No","Missing","No","Unknown",1
"2020/01/27","Laboratory-confirmed case","Male","70 - 79","No","Missing","No","Caucasian",1
"2020/01/27","Probable Case","Female","20 - 29","No","Unknown","No","Caucasian",1
"2020/01/27","Probable Case","Female","30 - 39","No","Missing","Missing","Caucasian",1
"2020/01/27","Probable Case","Female","50 - 59","Missing","Missing","Missing","Caucasian",1
"2020/01/27","Probable Case","Female","50 - 59","Unknown","Unknown","Unknown","Unknown",1
"2020/01/27","Probable Case","Female","70 - 79","Missing","Missing","Missing","Caucasian",1
"2020/01/27","Probable Case","Male","10 - 19","No","Unknown","No","Unknown",2
"2020/01/27","Probable Case","Male","10 - 19","No","Unknown","Unknown","Caucasian",1
"2020/01/27","Probable Case","Male","40 - 49","No","No","No","Unknown",1
"2020/01/27","Probable Case","Male","50 - 59","No","No","No","Caucasian",2
"2020/01/27","Probable Case","Male","60 - 69","Missing","Missing","Missing","Unknown",1
"2020/01/28","Laboratory-confirmed case","Female","0 - 9","Yes","Missing","Missing","Latino",1
"2020/01/28","Laboratory-confirmed case","Female","10 - 19","No","Missing","No","Caucasian",1
"2020/01/28","Laboratory-confirmed case","Female","40 - 49","Yes","Unknown","Unknown","African American",1
"2020/01/28","Laboratory-confirmed case","Female","50 - 59","Missing","Missing","Missing","African American",1
"2020/01/28","Laboratory-confirmed case","Female","50 - 59","No","Missing","No","Caucasian",1
"2020/01/28","Laboratory-confirmed case","Female","50 - 59","Yes","No","No","Multiracial/Other",1
"2020/01/28","Laboratory-confirmed case","Female","60 - 69","No","Missing","No","Multiracial/Other",1
"2020/01/28","Laboratory-confirmed case","Female","80+","No","No","No","Caucasian",1
"2020/01/28","Laboratory-confirmed case","Female","80+","Yes","Unknown","Yes","Caucasian",1
"2020/01/28","Laboratory-confirmed case","Male","40 - 49","Yes","Unknown","No","Unknown",1
"2020/01/28","Laboratory-confirmed case","Male","60 - 69","Yes","Unknown","Unknown","Unknown",1
"2020/01/28","Laboratory-confirmed case","Male","60 - 69","Yes","Yes","Unknown","African American",1
"2020/01/28","Laboratory-confirmed case","Male","70 - 79","No","Missing","Yes","Caucasian",1
"2020/01/28","Probable Case","Female","30 - 39","No","Unknown","No","Unknown",1
"2020/01/28","Probable Case","Female","50 - 59","No","No","No","Unknown",2
"2020/01/28","Probable Case","Female","60 - 69","No","No","No","Caucasian",1
"2020/01/28","Probable Case","Male","30 - 39","No","Missing","No","Multiracial/Other",1
"2020/01/28","Probable Case","Male","30 - 39","No","No","No","Caucasian",1
"2020/01/28","Probable Case","Male","40 - 49","No","Unknown","Unknown","Caucasian",1
"2020/01/28","Probable Case","Male","50 - 59","No","Missing","Missing","Caucasian",1
"2020/01/29","Laboratory-confirmed case","Female","20 - 29","No","Missing","Missing","African American",1
"2020/01/29","Laboratory-confirmed case","Female","20 - 29","No","Missing","No","AIAN",1
"2020/01/29","Laboratory-confirmed case","Female","30 - 39","Missing","Missing","Missing","Unknown",1
"2020/01/29","Laboratory-confirmed case","Female","30 - 39","Missing","Missing","No","Caucasian",1
"2020/01/29","Laboratory-confirmed case","Female","30 - 39","No","Missing","No","Latino",1
"2020/01/29","Laboratory-confirmed case","Female","30 - 39","Yes","Yes","Yes","Caucasian",1
"2020/01/29","Laboratory-confirmed case","Female","40 - 49","Missing","Missing","Missing","Unknown",1
"2020/01/29","Laboratory-confirmed case","Female","50 - 59","No","No","No","Asian",1
"2020/01/29","Laboratory-confirmed case","Female","50 - 59","No","Unknown","Unknown","Unknown",1
"2020/01/29","Laboratory-confirmed case","Female","50 - 59","Yes","No","No","Asian",1
"2020/01/29","Laboratory-confirmed case","Female","50 - 59","Yes","Unknown","No","African American",1
"2020/01/29","Laboratory-confirmed case","Female","60 - 69","Yes","Unknown","Yes","Caucasian",1
"2020/01/29","Laboratory-confirmed case","Female","70 - 79","Missing","Missing","Missing","African American",1
"2020/01/29","Laboratory-confirmed case","Male","30 - 39","No","Unknown","No","Unknown",1
"2020/01/29","Laboratory-confirmed case","Male","40 - 49","Missing","Missing","Missing","Caucasian",1
"2020/01/29","Laboratory-confirmed case","Male","40 - 49","No","Unknown","No","Unknown",1
"2020/01/29","Laboratory-confirmed case","Male","50 - 59","No","Missing","Missing","Caucasian",1
"2020/01/29","Laboratory-confirmed case","Male","50 - 59","Yes","No","No","Missing",1
"2020/01/30","Laboratory-confirmed case","Female","20 - 29","Missing","Missing","Missing","African American",1
"2020/01/30","Laboratory-confirmed case","Female","20 - 29","Missing","Missing","Missing","Unknown",1
"2020/01/30","Laboratory-confirmed case","Female","30 - 39","No","Missing","No","Unknown",1
"2020/01/30","Laboratory-confirmed case","Female","30 - 39","No","Missing","No","Caucasian",1
"2020/01/30","Laboratory-confirmed case","Female","40 - 49","Yes","Unknown","Yes","Latino",1
"2020/01/30","Laboratory-confirmed case","Female","60 - 69","No","Missing","Missing","Latino",1
"2020/01/30","Laboratory-confirmed case","Female","60 - 69","No","Missing","No","Caucasian",1
"2020/01/30","Laboratory-confirmed case","Female","70 - 79","No","No","Missing","Caucasian",1
"2020/01/30","Laboratory-confirmed case","Female","70 - 79","Yes","Unknown","No","Caucasian",1
"2020/01/30","Laboratory-confirmed case","Female","80+","Missing","Missing","Missing","Unknown",1
"2020/01/30","Laboratory-confirmed case","Male","20 - 29","No","Missing","No","Unknown",1
"2020/01/30","Laboratory-confirmed case","Male","20 - 29","No","Unknown","Unknown","Latino",1
"2020/01/30","Laboratory-confirmed case","Male","30 - 39","No","Missing","No","Asian",1
"2020/01/30","Laboratory-confirmed case","Male","30 - 39","No","Missing","No","Caucasian",1
"2020/01/30","Laboratory-confirmed case","Male","50 - 59","No","Missing","No","Caucasian",1
"2020/01/30","Laboratory-confirmed case","Male","50 - 59","No","No","No","Caucasian",1
"2020/01/30","Laboratory-confirmed case","Male","50 - 59","Yes","Missing","Missing","Caucasian",1
"2020/01/30","Laboratory-confirmed case","Male","50 - 59","Yes","No","No","Caucasian",1
"2020/01/30","Laboratory-confirmed case","Male","60 - 69","Missing","Missing","Missing","African American",1
"2020/01/30","Laboratory-confirmed case","Male","70 - 79","Yes","No","No","Unknown",1
"2020/01/30","Probable Case","Female","10 - 19","No","No","No","Caucasian",1
"2020/01/30","Probable Case","Female","20 - 29","Missing","Missing","Missing","Caucasian",1
"2020/01/30","Probable Case","Female","50 - 59","Unknown","Unknown","No","Unknown",1
"2020/01/30","Probable Case","Female","60 - 69","No","Missing","Missing","Caucasian",1
"2020/01/30","Probable Case","Female","70 - 79","No","No","No","Caucasian",1
"2020/01/30","Probable Case","Male","40 - 49","No","No","Unknown","Multiracial/Other",1
"2020/01/30","Probable Case","Male","50 - 59","Missing","Missing","Missing","Unknown",1
"2020/01/30","Probable Case","Male","50 - 59","No","Missing","No","Multiracial/Other",1
"2020/01/31","Laboratory-confirmed case","Female","20 - 29","Missing","Missing","Missing","Unknown",1
"2020/01/31","Laboratory-confirmed case","Female","30 - 39","No","Missing","No","Unknown",1
"2020/01/31","Laboratory-confirmed case","Female","30 - 39","No","Missing","No","Caucasian",1
"2020/01/31","Laboratory-confirmed case","Female","30 - 39","Unknown","Missing","No","Unknown",1
"2020/01/31","Laboratory-confirmed case","Female","40 - 49","No","Missing","No","Multiracial/Other",1
"2020/01/31","Laboratory-confirmed case","Female","40 - 49","No","Missing","No","Unknown",1
"2020/01/31","Laboratory-confirmed case","Female","50 - 59","No","Missing","No","Latino",1
"2020/01/31","Laboratory-confirmed case","Female","60 - 69","No","Missing","No","Unknown",2
"2020/01/31","Laboratory-confirmed case","Female","60 - 69","No","No","No","Caucasian",1
"2020/01/31","Laboratory-confirmed case","Female","60 - 69","Yes","Unknown","Unknown","Unknown",1
"2020/01/31","Laboratory-confirmed case","Male","10 - 19","Unknown","Missing","No","Unknown",1
"2020/01/31","Laboratory-confirmed case","Male","20 - 29","No","Missing","Missing","Latino",1
"2020/01/31","Laboratory-confirmed case","Male","20 - 29","Unknown","Missing","No","Unknown",1
"2020/01/31","Laboratory-confirmed case","Male","30 - 39","Yes","Unknown","Unknown","Unknown",1
"2020/01/31","Laboratory-confirmed case","Male","40 - 49","No","Missing","No","African American",1
"2020/01/31","Laboratory-confirmed case","Male","40 - 49","Yes","Yes","Yes","Latino",1
"2020/01/31","Laboratory-confirmed case","Male","50 - 59","Missing","Missing","No","Unknown",1
"2020/01/31","Laboratory-confirmed case","Male","50 - 59","No","Missing","No","Unknown",1
"2020/01/31","Laboratory-confirmed case","Male","50 - 59","Yes","Unknown","No","Caucasian",1
"2020/01/31","Laboratory-confirmed case","Male","50 - 59","Yes","Yes","No","African American",1
"2020/01/31","Laboratory-confirmed case","Male","60 - 69","Yes","Missing","Missing","Missing",1
"2020/01/31","Laboratory-confirmed case","Male","70 - 79","Yes","Unknown","No","Unknown",1
"2020/01/31","Probable Case","Female","30 - 39","Missing","Missing","Missing","Caucasian",1
"2020/01/31","Probable Case","Female","40 - 49","Missing","Missing","No","Caucasian",1
"2020/01/31","Probable Case","Female","60 - 69","No","Missing","No","Unknown",1
"2020/01/31","Probable Case","Female","60 - 69","No","Unknown","No","Caucasian",1
"2020/01/31","Probable Case","Male","50 - 59","No","No","No","Caucasian",1
"2020/01/31","Probable Case","Male","50 - 59","No","Unknown","Unknown","Multiracial/Other",1
"2020/01/31","Probable Case","Male","60 - 69","No","Missing","Missing","Unknown",1
