"Death.Year","Death.Month","Gender","Age.Group","Death","Race"
2019,"January","Female","15-24",0,"Multiracial/Other"
2019,"January","Male","15-24",0,"Asian"
2019,"February","Female","75-84",479,"Caucasian"
2019,"February","Female","85+",1032,"Caucasian"
2019,"January","Female","25-34",0,"Multiracial/Other"
2019,"April","Female","85+",82,"African American"
2019,"January","Male","0-4",NA,"Asian"
2019,"January","Female","65-74",330,"Caucasian"
2019,"January","Female","75-84",488,"Caucasian"
2019,"January","Female","85+",1143,"Caucasian"
2019,"January","Female","0-4",NA,"Latino"
2019,"January","Female","15-24",0,"Latino"
2019,"January","Female","25-34",NA,"Latino"
2019,"January","Female","35-44",11,"Latino"
2019,"January","Female","45-54",15,"Latino"
2019,"January","Female","05-14",NA,"Latino"
2019,"January","Female","55-64",33,"Latino"
2019,"January","Female","65-74",41,"Latino"
2019,"January","Female","75-84",55,"Latino"
2019,"January","Female","85+",93,"Latino"
2019,"January","Female","0-4",0,"AIAN"
2019,"January","Female","15-24",NA,"AIAN"
2019,"January","Female","25-34",NA,"AIAN"
2019,"January","Female","35-44",NA,"AIAN"
2019,"January","Female","45-54",NA,"AIAN"
2019,"January","Female","05-14",0,"AIAN"
2019,"January","Female","55-64",NA,"AIAN"
2019,"January","Female","65-74",NA,"AIAN"
2019,"January","Female","75-84",NA,"AIAN"
2019,"January","Female","0-4",0,"Multiracial/Other"
2019,"January","Female","85+",NA,"AIAN"
2019,"January","Female","0-4",NA,"Asian"
2019,"January","Female","15-24",NA,"Asian"
2019,"January","Female","25-34",0,"Asian"
2019,"January","Female","35-44",NA,"Asian"
2019,"January","Female","45-54",NA,"Asian"
2019,"January","Female","05-14",NA,"Asian"
2019,"January","Female","55-64",NA,"Asian"
2019,"January","Female","65-74",NA,"Asian"
2019,"January","Female","75-84",25,"Asian"
2019,"January","Female","85+",46,"Asian"
2019,"January","Female","0-4",NA,"African American"
2019,"January","Female","15-24",NA,"African American"
2019,"January","Female","25-34",NA,"African American"
2019,"January","Female","35-44",NA,"African American"
2019,"January","Female","45-54",26,"African American"
2019,"January","Female","05-14",0,"African American"
2019,"January","Female","55-64",37,"African American"
2019,"January","Female","65-74",61,"African American"
2019,"January","Female","75-84",71,"African American"
2019,"January","Female","85+",73,"African American"
2019,"January","Female","0-4",NA,"Caucasian"
2019,"January","Female","15-24",NA,"Caucasian"
2019,"January","Female","25-34",12,"Caucasian"
2019,"January","Female","35-44",33,"Caucasian"
2019,"January","Female","45-54",72,"Caucasian"
2019,"January","Female","05-14",0,"Caucasian"
2019,"January","Female","55-64",191,"Caucasian"
2019,"January","Female","35-44",0,"Multiracial/Other"
2019,"January","Female","45-54",NA,"Multiracial/Other"
2019,"January","Female","05-14",0,"Multiracial/Other"
2019,"January","Female","55-64",NA,"Multiracial/Other"
2019,"January","Female","65-74",NA,"Multiracial/Other"
2019,"January","Female","75-84",NA,"Multiracial/Other"
2019,"January","Female","85+",NA,"Multiracial/Other"
2019,"January","Male","0-4",NA,"Latino"
2019,"January","Male","15-24",NA,"Latino"
2019,"January","Male","25-34",10,"Latino"
2019,"January","Male","35-44",18,"Latino"
2019,"January","Male","45-54",39,"Latino"
2019,"January","Male","05-14",NA,"Latino"
2019,"January","Male","55-64",51,"Latino"
2019,"January","Male","65-74",53,"Latino"
2019,"January","Male","75-84",63,"Latino"
2019,"January","Male","85+",54,"Latino"
2019,"January","Male","0-4",NA,"AIAN"
2019,"January","Male","15-24",NA,"AIAN"
2019,"January","Male","25-34",NA,"AIAN"
2019,"January","Male","35-44",NA,"AIAN"
2019,"January","Male","45-54",NA,"AIAN"
2019,"January","Male","05-14",0,"AIAN"
2019,"January","Male","55-64",NA,"AIAN"
2019,"January","Male","65-74",NA,"AIAN"
2019,"January","Male","75-84",NA,"AIAN"
2019,"January","Male","85+",0,"AIAN"
2019,"January","Male","25-34",NA,"Asian"
2019,"January","Male","35-44",NA,"Asian"
2019,"January","Male","45-54",NA,"Asian"
2019,"January","Male","05-14",0,"Asian"
2019,"January","Male","55-64",12,"Asian"
2019,"January","Male","65-74",17,"Asian"
2019,"January","Male","75-84",37,"Asian"
2019,"January","Male","85+",49,"Asian"
2019,"January","Male","0-4",NA,"African American"
2019,"January","Male","15-24",NA,"African American"
2019,"January","Male","25-34",NA,"African American"
2019,"January","Male","35-44",NA,"African American"
2019,"January","Male","45-54",24,"African American"
2019,"January","Male","05-14",0,"African American"
2019,"January","Male","55-64",51,"African American"
2019,"January","Male","65-74",57,"African American"
2019,"January","Male","75-84",72,"African American"
2019,"January","Male","85+",38,"African American"
2019,"January","Male","0-4",NA,"Caucasian"
2019,"January","Male","15-24",NA,"Caucasian"
2019,"January","Male","25-34",11,"Caucasian"
2019,"January","Male","35-44",32,"Caucasian"
2019,"January","Male","45-54",95,"Caucasian"
2019,"January","Male","05-14",NA,"Caucasian"
2019,"January","Male","55-64",250,"Caucasian"
2019,"January","Male","65-74",406,"Caucasian"
2019,"January","Male","75-84",532,"Caucasian"
2019,"January","Male","85+",702,"Caucasian"
2019,"January","Male","0-4",NA,"Multiracial/Other"
2019,"January","Male","15-24",0,"Multiracial/Other"
2019,"April","Male","85+",40,"Latino"
2019,"January","Male","25-34",NA,"Multiracial/Other"
2019,"January","Male","35-44",NA,"Multiracial/Other"
2019,"January","Male","45-54",NA,"Multiracial/Other"
2019,"January","Male","05-14",0,"Multiracial/Other"
2019,"January","Male","55-64",NA,"Multiracial/Other"
2019,"January","Male","65-74",NA,"Multiracial/Other"
2019,"January","Male","75-84",NA,"Multiracial/Other"
2019,"January","Male","85+",NA,"Multiracial/Other"
2019,"February","Female","0-4",NA,"Latino"
2019,"February","Female","15-24",NA,"Latino"
2019,"February","Female","25-34",NA,"Latino"
2019,"February","Female","35-44",10,"Latino"
2019,"February","Female","45-54",17,"Latino"
2019,"February","Female","05-14",NA,"Latino"
2019,"February","Female","55-64",38,"Latino"
2019,"February","Female","65-74",25,"Latino"
2019,"February","Female","75-84",46,"Latino"
2019,"February","Female","85+",66,"Latino"
2019,"February","Female","0-4",0,"AIAN"
2019,"February","Female","15-24",0,"AIAN"
2019,"February","Female","25-34",0,"AIAN"
2019,"February","Female","35-44",NA,"AIAN"
2019,"February","Female","45-54",0,"AIAN"
2019,"February","Female","05-14",0,"AIAN"
2019,"February","Female","55-64",NA,"AIAN"
2019,"February","Female","65-74",NA,"AIAN"
2019,"February","Female","75-84",NA,"AIAN"
2019,"April","Male","0-4",NA,"AIAN"
2019,"February","Female","85+",NA,"AIAN"
2019,"February","Female","0-4",NA,"Asian"
2019,"February","Female","15-24",0,"Asian"
2019,"February","Female","25-34",NA,"Asian"
2019,"February","Female","35-44",NA,"Asian"
2019,"February","Female","45-54",NA,"Asian"
2019,"February","Female","05-14",NA,"Asian"
2019,"February","Female","55-64",NA,"Asian"
2019,"February","Female","65-74",14,"Asian"
2019,"February","Female","75-84",24,"Asian"
2019,"February","Female","85+",60,"Asian"
2019,"February","Female","0-4",NA,"African American"
2019,"February","Female","15-24",NA,"African American"
2019,"February","Female","25-34",NA,"African American"
2019,"February","Female","35-44",11,"African American"
2019,"February","Female","45-54",19,"African American"
2019,"February","Female","05-14",NA,"African American"
2019,"February","Female","55-64",52,"African American"
2019,"February","Female","65-74",50,"African American"
2019,"February","Female","75-84",57,"African American"
2019,"February","Female","85+",67,"African American"
2019,"February","Female","0-4",NA,"Caucasian"
2019,"February","Female","15-24",NA,"Caucasian"
2019,"February","Female","25-34",14,"Caucasian"
2019,"February","Female","35-44",33,"Caucasian"
2019,"February","Female","45-54",92,"Caucasian"
2019,"February","Female","05-14",11,"Caucasian"
2019,"February","Female","55-64",204,"Caucasian"
2019,"February","Female","65-74",308,"Caucasian"
2019,"February","Female","0-4",NA,"Multiracial/Other"
2019,"February","Female","15-24",0,"Multiracial/Other"
2019,"February","Female","25-34",0,"Multiracial/Other"
2019,"February","Female","35-44",NA,"Multiracial/Other"
2019,"February","Female","45-54",NA,"Multiracial/Other"
2019,"February","Female","05-14",0,"Multiracial/Other"
2019,"February","Female","55-64",0,"Multiracial/Other"
2019,"February","Female","65-74",NA,"Multiracial/Other"
2019,"February","Female","75-84",NA,"Multiracial/Other"
2019,"February","Female","85+",NA,"Multiracial/Other"
2019,"February","Male","0-4",NA,"Latino"
2019,"February","Male","15-24",NA,"Latino"
2019,"February","Male","25-34",NA,"Latino"
2019,"February","Male","35-44",18,"Latino"
2019,"February","Male","45-54",28,"Latino"
2019,"February","Male","05-14",NA,"Latino"
2019,"February","Male","55-64",39,"Latino"
2019,"February","Male","65-74",32,"Latino"
2019,"February","Male","75-84",52,"Latino"
2019,"February","Male","85+",49,"Latino"
2019,"February","Male","0-4",NA,"AIAN"
2019,"February","Male","15-24",0,"AIAN"
2019,"February","Male","25-34",NA,"AIAN"
2019,"February","Male","35-44",NA,"AIAN"
2019,"February","Male","45-54",NA,"AIAN"
2019,"February","Male","05-14",0,"AIAN"
2019,"February","Male","55-64",NA,"AIAN"
2019,"April","Male","75-84",41,"African American"
2019,"February","Male","65-74",NA,"AIAN"
2019,"February","Male","75-84",NA,"AIAN"
2019,"February","Male","85+",NA,"AIAN"
2019,"February","Male","0-4",0,"Asian"
2019,"February","Male","15-24",0,"Asian"
2019,"February","Male","25-34",NA,"Asian"
2019,"February","Male","35-44",NA,"Asian"
2019,"February","Male","45-54",NA,"Asian"
2019,"February","Male","05-14",NA,"Asian"
2019,"February","Male","55-64",NA,"Asian"
2019,"February","Male","65-74",12,"Asian"
2019,"February","Male","75-84",17,"Asian"
2019,"February","Male","85+",47,"Asian"
2019,"February","Male","0-4",NA,"African American"
2019,"February","Male","15-24",NA,"African American"
2019,"February","Male","25-34",14,"African American"
2019,"February","Male","35-44",13,"African American"
2019,"February","Male","45-54",16,"African American"
2019,"February","Male","05-14",NA,"African American"
2019,"February","Male","55-64",61,"African American"
2019,"February","Male","65-74",67,"African American"
2019,"February","Male","75-84",48,"African American"
2019,"February","Male","85+",36,"African American"
2019,"February","Male","0-4",NA,"Caucasian"
2019,"February","Male","15-24",NA,"Caucasian"
2019,"February","Male","25-34",24,"Caucasian"
2019,"February","Male","35-44",38,"Caucasian"
2019,"February","Male","45-54",101,"Caucasian"
2019,"March","Male","0-4",NA,"AIAN"
2019,"February","Male","05-14",NA,"Caucasian"
2019,"February","Male","55-64",284,"Caucasian"
2019,"February","Male","65-74",408,"Caucasian"
2019,"February","Male","75-84",546,"Caucasian"
2019,"February","Male","85+",677,"Caucasian"
2019,"February","Male","0-4",0,"Multiracial/Other"
2019,"February","Male","15-24",0,"Multiracial/Other"
2019,"February","Male","25-34",NA,"Multiracial/Other"
2019,"February","Male","35-44",NA,"Multiracial/Other"
2019,"February","Male","45-54",NA,"Multiracial/Other"
2019,"February","Male","05-14",NA,"Multiracial/Other"
2019,"February","Male","55-64",NA,"Multiracial/Other"
2019,"February","Male","65-74",NA,"Multiracial/Other"
2019,"February","Male","75-84",NA,"Multiracial/Other"
2019,"February","Male","85+",NA,"Multiracial/Other"
2019,"March","Female","0-4",NA,"Latino"
2019,"March","Female","15-24",NA,"Latino"
2019,"March","Female","25-34",NA,"Latino"
2019,"March","Female","35-44",NA,"Latino"
2019,"March","Female","45-54",12,"Latino"
2019,"March","Female","05-14",NA,"Latino"
2019,"March","Female","55-64",20,"Latino"
2019,"March","Female","65-74",33,"Latino"
2019,"March","Female","75-84",52,"Latino"
2019,"March","Female","85+",82,"Latino"
2019,"March","Female","0-4",NA,"AIAN"
2019,"March","Female","15-24",0,"AIAN"
2019,"March","Female","25-34",0,"AIAN"
2019,"March","Female","35-44",0,"AIAN"
2019,"March","Male","15-24",NA,"AIAN"
2019,"March","Female","45-54",NA,"AIAN"
2019,"March","Female","05-14",0,"AIAN"
2019,"March","Female","55-64",10,"AIAN"
2019,"March","Female","65-74",NA,"AIAN"
2019,"March","Female","75-84",NA,"AIAN"
2019,"March","Female","85+",NA,"AIAN"
2019,"March","Female","0-4",0,"Asian"
2019,"March","Female","15-24",0,"Asian"
2019,"March","Female","25-34",0,"Asian"
2019,"March","Female","35-44",NA,"Asian"
2019,"March","Female","45-54",NA,"Asian"
2019,"March","Female","05-14",0,"Asian"
2019,"March","Female","55-64",NA,"Asian"
2019,"March","Female","65-74",NA,"Asian"
2019,"March","Female","75-84",18,"Asian"
2019,"March","Female","85+",78,"Asian"
2019,"March","Female","0-4",NA,"African American"
2019,"March","Female","15-24",NA,"African American"
2019,"March","Female","25-34",NA,"African American"
2019,"March","Female","35-44",NA,"African American"
2019,"March","Female","45-54",18,"African American"
2019,"March","Female","05-14",0,"African American"
2019,"March","Female","55-64",47,"African American"
2019,"March","Female","65-74",64,"African American"
2019,"March","Female","75-84",56,"African American"
2019,"March","Female","85+",92,"African American"
2019,"March","Female","0-4",NA,"Caucasian"
2019,"March","Male","25-34",0,"AIAN"
2019,"March","Female","15-24",NA,"Caucasian"
2019,"March","Female","25-34",23,"Caucasian"
2019,"March","Female","35-44",34,"Caucasian"
2019,"March","Female","45-54",81,"Caucasian"
2019,"March","Female","05-14",NA,"Caucasian"
2019,"March","Female","55-64",219,"Caucasian"
2019,"March","Female","65-74",356,"Caucasian"
2019,"March","Female","75-84",609,"Caucasian"
2019,"March","Female","85+",1217,"Caucasian"
2019,"March","Female","0-4",NA,"Multiracial/Other"
2019,"March","Female","15-24",0,"Multiracial/Other"
2019,"March","Female","25-34",0,"Multiracial/Other"
2019,"March","Female","35-44",NA,"Multiracial/Other"
2019,"March","Female","45-54",NA,"Multiracial/Other"
2019,"March","Female","05-14",0,"Multiracial/Other"
2019,"March","Female","55-64",NA,"Multiracial/Other"
2019,"March","Female","65-74",NA,"Multiracial/Other"
2019,"March","Female","75-84",NA,"Multiracial/Other"
2019,"March","Female","85+",NA,"Multiracial/Other"
2019,"March","Male","0-4",NA,"Latino"
2019,"March","Male","15-24",NA,"Latino"
2019,"March","Male","25-34",NA,"Latino"
2019,"March","Male","35-44",17,"Latino"
2019,"March","Male","45-54",29,"Latino"
2019,"March","Male","05-14",NA,"Latino"
2019,"March","Male","55-64",32,"Latino"
2019,"March","Male","65-74",60,"Latino"
2019,"March","Male","75-84",44,"Latino"
2019,"March","Male","85+",56,"Latino"
2019,"April","Female","85+",53,"Latino"
2019,"March","Male","35-44",NA,"AIAN"
2019,"March","Male","45-54",NA,"AIAN"
2019,"March","Male","05-14",NA,"AIAN"
2019,"March","Male","55-64",NA,"AIAN"
2019,"March","Male","65-74",NA,"AIAN"
2019,"March","Male","75-84",NA,"AIAN"
2019,"March","Male","85+",NA,"AIAN"
2019,"March","Male","0-4",0,"Asian"
2019,"March","Male","15-24",0,"Asian"
2019,"March","Male","25-34",NA,"Asian"
2019,"March","Male","35-44",NA,"Asian"
2019,"March","Male","45-54",NA,"Asian"
2019,"March","Male","05-14",NA,"Asian"
2019,"March","Male","55-64",11,"Asian"
2019,"March","Male","65-74",19,"Asian"
2019,"March","Male","75-84",29,"Asian"
2019,"March","Male","85+",52,"Asian"
2019,"March","Male","0-4",NA,"African American"
2019,"March","Male","15-24",NA,"African American"
2019,"March","Male","25-34",NA,"African American"
2019,"March","Male","35-44",15,"African American"
2019,"March","Male","45-54",34,"African American"
2019,"March","Male","05-14",NA,"African American"
2019,"March","Male","55-64",61,"African American"
2019,"March","Male","65-74",72,"African American"
2019,"March","Male","75-84",60,"African American"
2019,"March","Male","85+",44,"African American"
2019,"April","Female","75-84",49,"African American"
2019,"March","Male","0-4",NA,"Caucasian"
2019,"March","Male","15-24",NA,"Caucasian"
2019,"March","Male","25-34",18,"Caucasian"
2019,"March","Male","35-44",46,"Caucasian"
2019,"March","Male","45-54",104,"Caucasian"
2019,"March","Male","05-14",NA,"Caucasian"
2019,"March","Male","55-64",273,"Caucasian"
2019,"March","Male","65-74",450,"Caucasian"
2019,"March","Male","75-84",610,"Caucasian"
2019,"March","Male","85+",802,"Caucasian"
2019,"March","Male","0-4",0,"Multiracial/Other"
2019,"March","Male","15-24",0,"Multiracial/Other"
2019,"March","Male","25-34",NA,"Multiracial/Other"
2019,"March","Male","35-44",NA,"Multiracial/Other"
2019,"March","Male","45-54",NA,"Multiracial/Other"
2019,"March","Male","05-14",NA,"Multiracial/Other"
2019,"March","Male","55-64",NA,"Multiracial/Other"
2019,"March","Male","65-74",NA,"Multiracial/Other"
2019,"March","Male","75-84",NA,"Multiracial/Other"
2019,"March","Male","85+",NA,"Multiracial/Other"
2019,"April","Female","0-4",NA,"Latino"
2019,"April","Female","15-24",NA,"Latino"
2019,"April","Female","25-34",NA,"Latino"
2019,"April","Female","35-44",NA,"Latino"
2019,"April","Female","45-54",NA,"Latino"
2019,"April","Female","05-14",0,"Latino"
2019,"April","Female","55-64",19,"Latino"
2019,"April","Female","65-74",28,"Latino"
2019,"April","Female","75-84",33,"Latino"
2019,"April","Female","0-4",0,"AIAN"
2019,"April","Female","15-24",0,"AIAN"
2019,"April","Female","25-34",NA,"AIAN"
2019,"April","Female","35-44",0,"AIAN"
2019,"April","Female","45-54",NA,"AIAN"
2019,"April","Female","05-14",0,"AIAN"
2019,"April","Female","55-64",NA,"AIAN"
2019,"April","Female","65-74",NA,"AIAN"
2019,"April","Female","75-84",NA,"AIAN"
2019,"April","Female","85+",NA,"AIAN"
2019,"April","Female","0-4",0,"Asian"
2019,"April","Female","15-24",0,"Asian"
2019,"April","Female","25-34",0,"Asian"
2019,"April","Female","35-44",0,"Asian"
2019,"April","Female","45-54",NA,"Asian"
2019,"April","Female","05-14",0,"Asian"
2019,"April","Female","55-64",NA,"Asian"
2019,"April","Female","65-74",NA,"Asian"
2019,"April","Female","75-84",18,"Asian"
2019,"April","Female","85+",52,"Asian"
2019,"April","Female","0-4",NA,"African American"
2019,"April","Female","15-24",0,"African American"
2019,"April","Female","25-34",NA,"African American"
2019,"April","Female","35-44",NA,"African American"
2019,"April","Female","45-54",17,"African American"
2019,"April","Female","05-14",NA,"African American"
2019,"April","Female","55-64",52,"African American"
2019,"April","Female","65-74",49,"African American"
2019,"April","Female","0-4",NA,"Caucasian"
2019,"April","Female","15-24",NA,"Caucasian"
2019,"April","Female","25-34",12,"Caucasian"
2019,"April","Female","35-44",30,"Caucasian"
2019,"April","Female","45-54",49,"Caucasian"
2019,"April","Female","05-14",NA,"Caucasian"
2019,"April","Female","55-64",164,"Caucasian"
2019,"April","Female","65-74",279,"Caucasian"
2019,"April","Female","75-84",423,"Caucasian"
2019,"April","Female","85+",884,"Caucasian"
2019,"April","Female","0-4",NA,"Multiracial/Other"
2019,"April","Female","15-24",0,"Multiracial/Other"
2019,"April","Female","25-34",0,"Multiracial/Other"
2019,"April","Female","35-44",NA,"Multiracial/Other"
2019,"April","Female","45-54",NA,"Multiracial/Other"
2019,"April","Female","05-14",0,"Multiracial/Other"
2019,"April","Female","55-64",NA,"Multiracial/Other"
2019,"April","Female","65-74",NA,"Multiracial/Other"
2019,"April","Female","75-84",NA,"Multiracial/Other"
2019,"April","Female","85+",NA,"Multiracial/Other"
2019,"April","Male","0-4",NA,"Latino"
2019,"April","Male","15-24",NA,"Latino"
2019,"April","Male","25-34",NA,"Latino"
2019,"April","Male","35-44",NA,"Latino"
2019,"April","Male","45-54",18,"Latino"
2019,"April","Male","05-14",NA,"Latino"
2019,"April","Male","55-64",16,"Latino"
2019,"April","Male","65-74",29,"Latino"
2019,"April","Male","75-84",47,"Latino"
2019,"April","Male","15-24",0,"AIAN"
2019,"April","Male","25-34",0,"AIAN"
2019,"April","Male","35-44",NA,"AIAN"
2019,"April","Male","45-54",NA,"AIAN"
2019,"April","Male","05-14",0,"AIAN"
2019,"April","Male","55-64",NA,"AIAN"
2019,"April","Male","65-74",NA,"AIAN"
2019,"April","Male","75-84",NA,"AIAN"
2019,"April","Male","85+",NA,"AIAN"
2019,"April","Male","0-4",0,"Asian"
2019,"April","Male","15-24",0,"Asian"
2019,"April","Male","25-34",NA,"Asian"
2019,"April","Male","35-44",NA,"Asian"
2019,"April","Male","45-54",NA,"Asian"
2019,"April","Male","05-14",0,"Asian"
2019,"April","Male","55-64",NA,"Asian"
2019,"April","Male","65-74",13,"Asian"
2019,"April","Male","75-84",24,"Asian"
2019,"April","Male","85+",32,"Asian"
2019,"April","Male","0-4",NA,"African American"
2019,"April","Male","15-24",NA,"African American"
2019,"April","Male","25-34",NA,"African American"
2019,"April","Male","35-44",NA,"African American"
2019,"April","Male","45-54",18,"African American"
2019,"April","Male","05-14",NA,"African American"
2019,"April","Male","55-64",53,"African American"
2019,"April","Male","65-74",64,"African American"
2019,"April","Male","85+",31,"African American"
2019,"April","Male","0-4",NA,"Caucasian"
2019,"April","Male","15-24",NA,"Caucasian"
2019,"April","Male","25-34",12,"Caucasian"
2019,"April","Male","35-44",17,"Caucasian"
2019,"April","Male","45-54",64,"Caucasian"
2019,"April","Male","05-14",NA,"Caucasian"
2019,"April","Male","55-64",187,"Caucasian"
2019,"April","Male","65-74",313,"Caucasian"
2019,"April","Male","75-84",511,"Caucasian"
2019,"April","Male","85+",600,"Caucasian"
2019,"April","Male","0-4",NA,"Multiracial/Other"
2019,"April","Male","15-24",NA,"Multiracial/Other"
2019,"April","Male","25-34",0,"Multiracial/Other"
2019,"April","Male","35-44",NA,"Multiracial/Other"
2019,"April","Male","45-54",0,"Multiracial/Other"
2019,"April","Male","05-14",0,"Multiracial/Other"
2019,"April","Male","55-64",NA,"Multiracial/Other"
2019,"April","Male","65-74",NA,"Multiracial/Other"
2019,"April","Male","75-84",NA,"Multiracial/Other"
2019,"April","Male","85+",NA,"Multiracial/Other"
2019,"May","Female","0-4",0,"Latino"
2019,"May","Female","15-24",0,"Latino"
2019,"May","Female","25-34",0,"Latino"
2019,"May","Female","35-44",NA,"Latino"
2019,"May","Female","45-54",NA,"Latino"
2019,"May","Female","05-14",0,"Latino"
2019,"May","Female","55-64",15,"Latino"
2019,"May","Female","65-74",20,"Latino"
2019,"May","Female","75-84",33,"Latino"
2019,"May","Female","85+",52,"Latino"
2019,"May","Female","0-4",NA,"AIAN"
2019,"May","Female","15-24",0,"AIAN"
2019,"May","Female","25-34",NA,"AIAN"
2019,"May","Female","35-44",NA,"AIAN"
2019,"May","Female","45-54",NA,"AIAN"
2019,"May","Female","05-14",0,"AIAN"
2019,"May","Female","55-64",NA,"AIAN"
2019,"May","Female","65-74",NA,"AIAN"
2019,"May","Female","75-84",NA,"AIAN"
2019,"May","Female","85+",NA,"AIAN"
2019,"May","Female","0-4",0,"Asian"
2019,"May","Female","15-24",0,"Asian"
2019,"May","Female","25-34",NA,"Asian"
2019,"May","Female","35-44",0,"Asian"
2019,"May","Female","45-54",0,"Asian"
2019,"May","Female","05-14",0,"Asian"
2019,"May","Female","55-64",NA,"Asian"
2019,"May","Female","65-74",NA,"Asian"
2019,"May","Female","75-84",13,"Asian"
2019,"May","Female","85+",45,"Asian"
2019,"May","Female","0-4",NA,"African American"
2019,"May","Female","15-24",0,"African American"
2019,"May","Female","25-34",NA,"African American"
2019,"May","Female","35-44",NA,"African American"
2019,"May","Female","45-54",15,"African American"
2019,"May","Female","05-14",NA,"African American"
2019,"May","Female","55-64",27,"African American"
2019,"May","Female","65-74",33,"African American"
2019,"May","Female","75-84",38,"African American"
2019,"May","Female","85+",64,"African American"
2019,"May","Female","0-4",NA,"Caucasian"
2019,"May","Female","15-24",NA,"Caucasian"
2019,"May","Female","25-34",13,"Caucasian"
2019,"May","Female","35-44",17,"Caucasian"
2019,"May","Female","45-54",33,"Caucasian"
2019,"May","Female","05-14",NA,"Caucasian"
2019,"May","Female","55-64",93,"Caucasian"
2019,"May","Female","65-74",240,"Caucasian"
2019,"May","Female","75-84",348,"Caucasian"
2019,"May","Female","85+",733,"Caucasian"
2019,"May","Female","0-4",0,"Multiracial/Other"
2019,"May","Female","15-24",0,"Multiracial/Other"
2019,"May","Female","25-34",0,"Multiracial/Other"
2019,"May","Female","35-44",NA,"Multiracial/Other"
2019,"May","Female","45-54",NA,"Multiracial/Other"
2019,"May","Female","05-14",0,"Multiracial/Other"
2019,"May","Female","55-64",NA,"Multiracial/Other"
2019,"May","Female","65-74",0,"Multiracial/Other"
2019,"May","Female","75-84",NA,"Multiracial/Other"
2019,"May","Female","85+",NA,"Multiracial/Other"
2019,"May","Male","0-4",0,"Latino"
2019,"May","Male","15-24",NA,"Latino"
2019,"May","Male","25-34",NA,"Latino"
2019,"May","Male","35-44",NA,"Latino"
2019,"May","Male","45-54",14,"Latino"
2019,"May","Male","05-14",NA,"Latino"
2019,"May","Male","55-64",19,"Latino"
2019,"May","Male","65-74",25,"Latino"
2019,"May","Male","75-84",36,"Latino"
2019,"May","Male","85+",33,"Latino"
2019,"May","Male","0-4",0,"AIAN"
2019,"May","Male","15-24",0,"AIAN"
2019,"May","Male","25-34",0,"AIAN"
2019,"May","Male","35-44",NA,"AIAN"
2019,"May","Male","45-54",NA,"AIAN"
2019,"May","Male","05-14",0,"AIAN"
2019,"May","Male","55-64",0,"AIAN"
2019,"May","Male","65-74",0,"AIAN"
2019,"May","Male","75-84",NA,"AIAN"
2019,"May","Male","85+",NA,"AIAN"
2019,"May","Male","0-4",0,"Asian"
2019,"May","Male","15-24",NA,"Asian"
2019,"May","Male","25-34",0,"Asian"
2019,"May","Male","35-44",NA,"Asian"
2019,"May","Male","45-54",NA,"Asian"
2019,"May","Male","05-14",NA,"Asian"
2019,"May","Male","55-64",NA,"Asian"
2019,"May","Male","65-74",14,"Asian"
2019,"May","Male","75-84",23,"Asian"
2019,"May","Male","85+",25,"Asian"
2019,"May","Male","0-4",NA,"African American"
2019,"May","Male","15-24",0,"African American"
2019,"May","Male","25-34",NA,"African American"
2019,"May","Male","35-44",NA,"African American"
2019,"May","Male","45-54",21,"African American"
2019,"May","Male","05-14",NA,"African American"
2019,"May","Male","55-64",32,"African American"
2019,"May","Male","65-74",35,"African American"
2019,"May","Male","75-84",41,"African American"
2019,"May","Male","85+",47,"African American"
2019,"May","Male","0-4",NA,"Caucasian"
2019,"May","Male","15-24",NA,"Caucasian"
2019,"May","Male","25-34",NA,"Caucasian"
2019,"May","Male","35-44",19,"Caucasian"
2019,"May","Male","45-54",44,"Caucasian"
2019,"May","Male","05-14",NA,"Caucasian"
2019,"May","Male","55-64",148,"Caucasian"
2019,"May","Male","65-74",236,"Caucasian"
2019,"May","Male","75-84",403,"Caucasian"
2019,"May","Male","85+",550,"Caucasian"
2019,"May","Male","0-4",NA,"Multiracial/Other"
2019,"May","Male","15-24",0,"Multiracial/Other"
2019,"May","Male","25-34",NA,"Multiracial/Other"
2019,"May","Male","35-44",0,"Multiracial/Other"
2019,"May","Male","45-54",0,"Multiracial/Other"
2019,"May","Male","05-14",0,"Multiracial/Other"
2019,"May","Male","55-64",NA,"Multiracial/Other"
2019,"May","Male","65-74",NA,"Multiracial/Other"
2019,"May","Male","75-84",NA,"Multiracial/Other"
2019,"May","Male","85+",NA,"Multiracial/Other"
2019,"June","Female","0-4",0,"Latino"
2019,"June","Female","15-24",NA,"Latino"
2019,"June","Female","25-34",0,"Latino"
2019,"June","Female","35-44",0,"Latino"
2019,"June","Male","0-4",0,"Latino"
2019,"June","Female","45-54",NA,"Latino"
2019,"June","Female","05-14",0,"Latino"
2019,"June","Female","55-64",10,"Latino"
2019,"June","Female","65-74",15,"Latino"
2019,"June","Female","75-84",30,"Latino"
2019,"June","Female","85+",50,"Latino"
2019,"June","Female","0-4",0,"AIAN"
2019,"June","Female","15-24",0,"AIAN"
2019,"June","Female","25-34",0,"AIAN"
2019,"June","Female","35-44",0,"AIAN"
2019,"June","Female","45-54",0,"AIAN"
2019,"June","Female","05-14",0,"AIAN"
2019,"June","Female","55-64",0,"AIAN"
2019,"June","Female","65-74",NA,"AIAN"
2019,"June","Female","75-84",NA,"AIAN"
2019,"June","Female","85+",NA,"AIAN"
2019,"June","Female","0-4",0,"Asian"
2019,"June","Female","15-24",0,"Asian"
2019,"June","Female","25-34",0,"Asian"
2019,"June","Female","35-44",NA,"Asian"
2019,"June","Female","45-54",NA,"Asian"
2019,"June","Female","05-14",0,"Asian"
2019,"June","Female","55-64",NA,"Asian"
2019,"June","Female","65-74",NA,"Asian"
2019,"June","Female","75-84",12,"Asian"
2019,"June","Female","85+",37,"Asian"
2019,"June","Female","0-4",NA,"African American"
2019,"August","Female","75-84",263,"Caucasian"
2019,"June","Female","15-24",NA,"African American"
2019,"June","Female","25-34",NA,"African American"
2019,"June","Female","35-44",NA,"African American"
2019,"June","Female","45-54",13,"African American"
2019,"June","Female","05-14",0,"African American"
2019,"June","Female","55-64",30,"African American"
2019,"June","Female","65-74",40,"African American"
2019,"June","Female","75-84",46,"African American"
2019,"June","Female","85+",55,"African American"
2019,"June","Female","0-4",NA,"Caucasian"
2019,"June","Female","15-24",NA,"Caucasian"
2019,"June","Female","25-34",NA,"Caucasian"
2019,"June","Female","35-44",11,"Caucasian"
2019,"June","Female","45-54",25,"Caucasian"
2019,"June","Female","05-14",0,"Caucasian"
2019,"June","Female","55-64",105,"Caucasian"
2019,"June","Female","65-74",160,"Caucasian"
2019,"June","Female","75-84",284,"Caucasian"
2019,"June","Female","85+",664,"Caucasian"
2019,"June","Female","0-4",0,"Multiracial/Other"
2019,"June","Female","15-24",0,"Multiracial/Other"
2019,"June","Female","25-34",0,"Multiracial/Other"
2019,"June","Female","35-44",0,"Multiracial/Other"
2019,"June","Female","45-54",0,"Multiracial/Other"
2019,"June","Female","05-14",0,"Multiracial/Other"
2019,"June","Female","55-64",NA,"Multiracial/Other"
2019,"June","Female","65-74",NA,"Multiracial/Other"
2019,"June","Female","75-84",NA,"Multiracial/Other"
2019,"June","Female","85+",NA,"Multiracial/Other"
2019,"August","Female","85+",552,"Caucasian"
2019,"June","Male","15-24",NA,"Latino"
2019,"June","Male","25-34",NA,"Latino"
2019,"June","Male","35-44",NA,"Latino"
2019,"June","Male","45-54",12,"Latino"
2019,"June","Male","05-14",NA,"Latino"
2019,"June","Male","55-64",15,"Latino"
2019,"June","Male","65-74",27,"Latino"
2019,"June","Male","75-84",34,"Latino"
2019,"June","Male","85+",29,"Latino"
2019,"June","Male","0-4",0,"AIAN"
2019,"June","Male","15-24",0,"AIAN"
2019,"June","Male","25-34",0,"AIAN"
2019,"June","Male","35-44",0,"AIAN"
2019,"June","Male","45-54",NA,"AIAN"
2019,"June","Male","05-14",0,"AIAN"
2019,"June","Male","55-64",NA,"AIAN"
2019,"June","Male","65-74",NA,"AIAN"
2019,"June","Male","75-84",NA,"AIAN"
2019,"June","Male","85+",NA,"AIAN"
2019,"June","Male","0-4",0,"Asian"
2019,"June","Male","15-24",0,"Asian"
2019,"June","Male","25-34",0,"Asian"
2019,"June","Male","35-44",NA,"Asian"
2019,"June","Male","45-54",NA,"Asian"
2019,"June","Male","05-14",0,"Asian"
2019,"June","Male","55-64",NA,"Asian"
2019,"June","Male","65-74",NA,"Asian"
2019,"June","Male","75-84",11,"Asian"
2019,"June","Male","85+",31,"Asian"
2019,"June","Male","0-4",NA,"African American"
2019,"June","Male","15-24",NA,"African American"
2019,"June","Male","25-34",NA,"African American"
2019,"June","Male","35-44",NA,"African American"
2019,"June","Male","45-54",15,"African American"
2019,"June","Male","05-14",0,"African American"
2019,"June","Male","55-64",44,"African American"
2019,"June","Male","65-74",52,"African American"
2019,"June","Male","75-84",36,"African American"
2019,"June","Male","85+",34,"African American"
2019,"June","Male","0-4",NA,"Caucasian"
2019,"June","Male","15-24",NA,"Caucasian"
2019,"June","Male","25-34",NA,"Caucasian"
2019,"June","Male","35-44",15,"Caucasian"
2019,"June","Male","45-54",38,"Caucasian"
2019,"June","Male","05-14",0,"Caucasian"
2019,"June","Male","55-64",113,"Caucasian"
2019,"June","Male","65-74",233,"Caucasian"
2019,"June","Male","75-84",367,"Caucasian"
2019,"June","Male","85+",478,"Caucasian"
2019,"June","Male","0-4",0,"Multiracial/Other"
2019,"June","Male","15-24",0,"Multiracial/Other"
2019,"June","Male","25-34",0,"Multiracial/Other"
2019,"June","Male","35-44",NA,"Multiracial/Other"
2019,"June","Male","45-54",0,"Multiracial/Other"
2019,"June","Male","05-14",0,"Multiracial/Other"
2019,"June","Male","55-64",NA,"Multiracial/Other"
2019,"June","Male","65-74",NA,"Multiracial/Other"
2019,"June","Male","75-84",NA,"Multiracial/Other"
2019,"June","Male","85+",NA,"Multiracial/Other"
2019,"July","Female","0-4",NA,"Latino"
2019,"July","Female","15-24",0,"Latino"
2019,"July","Female","25-34",NA,"Latino"
2019,"July","Female","35-44",NA,"Latino"
2019,"July","Female","45-54",NA,"Latino"
2019,"July","Female","05-14",NA,"Latino"
2019,"July","Female","55-64",NA,"Latino"
2019,"July","Female","65-74",12,"Latino"
2019,"July","Female","75-84",20,"Latino"
2019,"July","Female","85+",40,"Latino"
2019,"July","Female","0-4",0,"AIAN"
2019,"July","Female","15-24",0,"AIAN"
2019,"July","Female","25-34",NA,"AIAN"
2019,"July","Female","35-44",0,"AIAN"
2019,"July","Female","45-54",0,"AIAN"
2019,"July","Female","05-14",NA,"AIAN"
2019,"July","Female","55-64",NA,"AIAN"
2019,"July","Female","65-74",NA,"AIAN"
2019,"July","Female","75-84",NA,"AIAN"
2019,"July","Female","85+",NA,"AIAN"
2019,"July","Female","0-4",0,"Asian"
2019,"July","Female","15-24",0,"Asian"
2019,"July","Female","25-34",NA,"Asian"
2019,"July","Female","35-44",NA,"Asian"
2019,"July","Female","45-54",NA,"Asian"
2019,"August","Female","0-4",0,"Multiracial/Other"
2019,"July","Female","05-14",0,"Asian"
2019,"July","Female","55-64",NA,"Asian"
2019,"July","Female","65-74",NA,"Asian"
2019,"July","Female","75-84",15,"Asian"
2019,"July","Female","85+",33,"Asian"
2019,"July","Female","0-4",0,"African American"
2019,"July","Female","15-24",NA,"African American"
2019,"July","Female","25-34",NA,"African American"
2019,"July","Female","35-44",NA,"African American"
2019,"July","Female","45-54",NA,"African American"
2019,"July","Female","05-14",NA,"African American"
2019,"July","Female","55-64",29,"African American"
2019,"July","Female","65-74",31,"African American"
2019,"July","Female","75-84",40,"African American"
2019,"July","Female","85+",51,"African American"
2019,"July","Female","0-4",NA,"Caucasian"
2019,"July","Female","15-24",NA,"Caucasian"
2019,"July","Female","25-34",NA,"Caucasian"
2019,"July","Female","35-44",11,"Caucasian"
2019,"July","Female","45-54",30,"Caucasian"
2019,"July","Female","05-14",0,"Caucasian"
2019,"July","Female","55-64",90,"Caucasian"
2019,"July","Female","65-74",165,"Caucasian"
2019,"July","Female","75-84",290,"Caucasian"
2019,"July","Female","85+",553,"Caucasian"
2019,"July","Female","0-4",0,"Multiracial/Other"
2019,"July","Female","15-24",0,"Multiracial/Other"
2019,"July","Female","25-34",0,"Multiracial/Other"
2019,"July","Female","35-44",0,"Multiracial/Other"
2019,"July","Female","45-54",NA,"Multiracial/Other"
2019,"July","Female","05-14",0,"Multiracial/Other"
2019,"July","Female","55-64",NA,"Multiracial/Other"
2019,"July","Female","65-74",NA,"Multiracial/Other"
2019,"July","Female","75-84",NA,"Multiracial/Other"
2019,"July","Female","85+",NA,"Multiracial/Other"
2019,"July","Male","0-4",0,"Latino"
2019,"July","Male","15-24",NA,"Latino"
2019,"July","Male","25-34",NA,"Latino"
2019,"July","Male","35-44",NA,"Latino"
2019,"July","Male","45-54",15,"Latino"
2019,"July","Male","05-14",NA,"Latino"
2019,"July","Male","55-64",13,"Latino"
2019,"July","Male","65-74",37,"Latino"
2019,"July","Male","75-84",43,"Latino"
2019,"July","Male","85+",27,"Latino"
2019,"July","Male","0-4",0,"AIAN"
2019,"July","Male","15-24",0,"AIAN"
2019,"July","Male","25-34",0,"AIAN"
2019,"July","Male","35-44",0,"AIAN"
2019,"July","Male","45-54",NA,"AIAN"
2019,"July","Male","05-14",0,"AIAN"
2019,"July","Male","55-64",0,"AIAN"
2019,"July","Male","65-74",0,"AIAN"
2019,"July","Male","75-84",NA,"AIAN"
2019,"July","Male","85+",NA,"AIAN"
2019,"July","Male","0-4",0,"Asian"
2019,"July","Male","15-24",0,"Asian"
2019,"July","Male","25-34",0,"Asian"
2019,"July","Male","35-44",0,"Asian"
2019,"July","Male","45-54",NA,"Asian"
2019,"July","Male","05-14",0,"Asian"
2019,"July","Male","55-64",NA,"Asian"
2019,"July","Male","65-74",NA,"Asian"
2019,"July","Male","75-84",18,"Asian"
2019,"July","Male","85+",23,"Asian"
2019,"July","Male","0-4",NA,"African American"
2019,"July","Male","15-24",0,"African American"
2019,"July","Male","25-34",NA,"African American"
2019,"July","Male","35-44",10,"African American"
2019,"July","Male","45-54",NA,"African American"
2019,"July","Male","05-14",0,"African American"
2019,"July","Male","55-64",34,"African American"
2019,"July","Male","65-74",56,"African American"
2019,"July","Male","75-84",47,"African American"
2019,"July","Male","85+",39,"African American"
2019,"July","Male","0-4",NA,"Caucasian"
2019,"July","Male","15-24",NA,"Caucasian"
2019,"July","Male","25-34",NA,"Caucasian"
2019,"July","Male","35-44",15,"Caucasian"
2019,"July","Male","45-54",47,"Caucasian"
2019,"July","Male","05-14",0,"Caucasian"
2019,"July","Male","55-64",104,"Caucasian"
2019,"July","Male","65-74",216,"Caucasian"
2019,"July","Male","75-84",334,"Caucasian"
2019,"July","Male","85+",433,"Caucasian"
2019,"July","Male","0-4",NA,"Multiracial/Other"
2019,"July","Male","15-24",0,"Multiracial/Other"
2019,"July","Male","25-34",0,"Multiracial/Other"
2019,"July","Male","35-44",NA,"Multiracial/Other"
2019,"July","Male","45-54",NA,"Multiracial/Other"
2019,"July","Male","05-14",NA,"Multiracial/Other"
2019,"July","Male","55-64",NA,"Multiracial/Other"
2019,"July","Male","65-74",NA,"Multiracial/Other"
2019,"July","Male","75-84",NA,"Multiracial/Other"
2019,"July","Male","85+",0,"Multiracial/Other"
2019,"August","Female","0-4",0,"Latino"
2019,"August","Female","15-24",NA,"Latino"
2019,"August","Female","25-34",0,"Latino"
2019,"August","Female","35-44",NA,"Latino"
2019,"August","Female","45-54",NA,"Latino"
2019,"August","Female","05-14",0,"Latino"
2019,"August","Female","55-64",NA,"Latino"
2019,"August","Female","65-74",14,"Latino"
2019,"August","Female","75-84",25,"Latino"
2019,"August","Female","85+",38,"Latino"
2019,"August","Female","0-4",0,"AIAN"
2019,"August","Female","15-24",0,"AIAN"
2019,"August","Female","25-34",0,"AIAN"
2019,"August","Female","35-44",NA,"AIAN"
2019,"August","Female","45-54",NA,"AIAN"
2019,"August","Female","05-14",0,"AIAN"
2019,"August","Female","55-64",NA,"AIAN"
2019,"August","Female","65-74",NA,"AIAN"
2019,"August","Female","75-84",NA,"AIAN"
2019,"August","Female","15-24",0,"Multiracial/Other"
2019,"August","Female","85+",NA,"AIAN"
2019,"August","Female","0-4",NA,"Asian"
2019,"August","Female","15-24",0,"Asian"
2019,"August","Female","25-34",0,"Asian"
2019,"August","Female","35-44",0,"Asian"
2019,"August","Female","45-54",NA,"Asian"
2019,"August","Female","05-14",0,"Asian"
2019,"August","Female","55-64",NA,"Asian"
2019,"August","Female","65-74",NA,"Asian"
2019,"August","Female","75-84",NA,"Asian"
2019,"August","Female","85+",32,"Asian"
2019,"August","Female","0-4",NA,"African American"
2019,"August","Female","15-24",NA,"African American"
2019,"August","Female","25-34",NA,"African American"
2019,"August","Female","35-44",NA,"African American"
2019,"August","Female","45-54",10,"African American"
2019,"August","Female","05-14",0,"African American"
2019,"August","Female","55-64",26,"African American"
2019,"August","Female","65-74",38,"African American"
2019,"August","Female","75-84",48,"African American"
2019,"August","Female","85+",48,"African American"
2019,"August","Female","0-4",NA,"Caucasian"
2019,"August","Female","15-24",NA,"Caucasian"
2019,"August","Female","25-34",NA,"Caucasian"
2019,"August","Female","35-44",11,"Caucasian"
2019,"August","Female","45-54",32,"Caucasian"
2019,"August","Female","05-14",0,"Caucasian"
2019,"August","Female","55-64",79,"Caucasian"
2019,"August","Female","65-74",179,"Caucasian"
2019,"August","Female","25-34",0,"Multiracial/Other"
2019,"August","Female","35-44",0,"Multiracial/Other"
2019,"August","Female","45-54",NA,"Multiracial/Other"
2019,"August","Female","05-14",0,"Multiracial/Other"
2019,"August","Female","55-64",NA,"Multiracial/Other"
2019,"August","Female","65-74",NA,"Multiracial/Other"
2019,"August","Female","75-84",NA,"Multiracial/Other"
2019,"August","Female","85+",NA,"Multiracial/Other"
2019,"August","Male","0-4",NA,"Latino"
2019,"August","Male","15-24",NA,"Latino"
2019,"August","Male","25-34",NA,"Latino"
2019,"August","Male","35-44",NA,"Latino"
2019,"August","Male","45-54",14,"Latino"
2019,"August","Male","05-14",NA,"Latino"
2019,"August","Male","55-64",NA,"Latino"
2019,"August","Male","65-74",28,"Latino"
2019,"August","Male","75-84",26,"Latino"
2019,"August","Male","85+",32,"Latino"
2019,"August","Male","0-4",0,"AIAN"
2019,"August","Male","15-24",0,"AIAN"
2019,"August","Male","25-34",0,"AIAN"
2019,"August","Male","35-44",0,"AIAN"
2019,"August","Male","45-54",0,"AIAN"
2019,"August","Male","05-14",0,"AIAN"
2019,"August","Male","55-64",0,"AIAN"
2019,"August","Male","65-74",0,"AIAN"
2019,"August","Male","75-84",NA,"AIAN"
2019,"August","Male","85+",425,"Caucasian"
2019,"August","Male","85+",0,"AIAN"
2019,"August","Male","0-4",NA,"Asian"
2019,"August","Male","15-24",0,"Asian"
2019,"August","Male","25-34",NA,"Asian"
2019,"August","Male","35-44",0,"Asian"
2019,"August","Male","45-54",NA,"Asian"
2019,"August","Male","05-14",0,"Asian"
2019,"August","Male","55-64",NA,"Asian"
2019,"August","Male","65-74",15,"Asian"
2019,"August","Male","75-84",NA,"Asian"
2019,"August","Male","85+",27,"Asian"
2019,"August","Male","0-4",NA,"African American"
2019,"August","Male","15-24",NA,"African American"
2019,"August","Male","25-34",NA,"African American"
2019,"August","Male","35-44",NA,"African American"
2019,"August","Male","45-54",16,"African American"
2019,"August","Male","05-14",0,"African American"
2019,"August","Male","55-64",33,"African American"
2019,"August","Male","65-74",39,"African American"
2019,"August","Male","75-84",33,"African American"
2019,"August","Male","85+",36,"African American"
2019,"August","Male","0-4",NA,"Caucasian"
2019,"August","Male","15-24",NA,"Caucasian"
2019,"August","Male","25-34",NA,"Caucasian"
2019,"August","Male","35-44",17,"Caucasian"
2019,"August","Male","45-54",34,"Caucasian"
2019,"August","Male","05-14",NA,"Caucasian"
2019,"August","Male","55-64",119,"Caucasian"
2019,"August","Male","65-74",236,"Caucasian"
2019,"August","Male","75-84",364,"Caucasian"
2019,"August","Male","0-4",0,"Multiracial/Other"
2019,"August","Male","15-24",0,"Multiracial/Other"
2019,"August","Male","25-34",NA,"Multiracial/Other"
2019,"August","Male","35-44",NA,"Multiracial/Other"
2019,"August","Male","45-54",NA,"Multiracial/Other"
2019,"August","Male","05-14",0,"Multiracial/Other"
2019,"August","Male","55-64",NA,"Multiracial/Other"
2019,"August","Male","65-74",NA,"Multiracial/Other"
2019,"August","Male","75-84",NA,"Multiracial/Other"
2019,"August","Male","85+",NA,"Multiracial/Other"
2019,"September","Female","0-4",0,"Latino"
2019,"September","Female","15-24",NA,"Latino"
2019,"September","Female","25-34",0,"Latino"
2019,"September","Female","35-44",NA,"Latino"
2019,"September","Female","45-54",NA,"Latino"
2019,"September","Female","05-14",0,"Latino"
2019,"September","Female","55-64",10,"Latino"
2019,"September","Female","65-74",14,"Latino"
2019,"September","Female","75-84",23,"Latino"
2019,"September","Female","85+",35,"Latino"
2019,"September","Female","0-4",0,"AIAN"
2019,"September","Female","15-24",0,"AIAN"
2019,"September","Female","25-34",0,"AIAN"
2019,"September","Female","35-44",0,"AIAN"
2019,"September","Female","45-54",0,"AIAN"
2019,"September","Female","05-14",0,"AIAN"
2019,"September","Female","55-64",NA,"AIAN"
2019,"September","Female","65-74",NA,"AIAN"
2019,"September","Female","75-84",NA,"AIAN"
2019,"September","Female","85+",NA,"AIAN"
2019,"September","Female","0-4",0,"Asian"
2019,"September","Female","15-24",0,"Asian"
2019,"September","Female","25-34",0,"Asian"
2019,"September","Female","35-44",0,"Asian"
2019,"September","Female","45-54",NA,"Asian"
2019,"September","Female","05-14",NA,"Asian"
2019,"September","Female","55-64",NA,"Asian"
2019,"September","Female","65-74",NA,"Asian"
2019,"September","Female","75-84",10,"Asian"
2019,"September","Female","85+",24,"Asian"
2019,"September","Female","0-4",NA,"African American"
2019,"September","Female","15-24",0,"African American"
2019,"September","Female","25-34",0,"African American"
2019,"September","Female","35-44",NA,"African American"
2019,"September","Female","45-54",13,"African American"
2019,"September","Female","05-14",0,"African American"
2019,"September","Female","55-64",19,"African American"
2019,"September","Female","65-74",42,"African American"
2019,"September","Female","75-84",41,"African American"
2019,"September","Female","85+",53,"African American"
2019,"September","Female","0-4",NA,"Caucasian"
2019,"September","Female","15-24",0,"Caucasian"
2019,"September","Female","25-34",NA,"Caucasian"
2019,"September","Female","35-44",NA,"Caucasian"
2019,"September","Female","45-54",32,"Caucasian"
2019,"September","Female","05-14",0,"Caucasian"
2019,"September","Female","55-64",94,"Caucasian"
2019,"September","Female","65-74",163,"Caucasian"
2019,"September","Female","75-84",269,"Caucasian"
2019,"September","Female","85+",549,"Caucasian"
2019,"September","Female","0-4",NA,"Multiracial/Other"
2019,"September","Female","15-24",NA,"Multiracial/Other"
2019,"September","Female","25-34",0,"Multiracial/Other"
2019,"September","Female","35-44",0,"Multiracial/Other"
2019,"September","Female","45-54",NA,"Multiracial/Other"
2019,"September","Female","05-14",0,"Multiracial/Other"
2019,"September","Female","55-64",NA,"Multiracial/Other"
2019,"September","Female","65-74",0,"Multiracial/Other"
2019,"September","Female","75-84",NA,"Multiracial/Other"
2019,"September","Female","85+",NA,"Multiracial/Other"
2019,"September","Male","0-4",NA,"Latino"
2019,"September","Male","15-24",0,"Latino"
2019,"September","Male","25-34",NA,"Latino"
2019,"September","Male","35-44",NA,"Latino"
2019,"September","Male","45-54",NA,"Latino"
2019,"September","Male","05-14",0,"Latino"
2019,"September","Male","55-64",18,"Latino"
2019,"September","Male","65-74",17,"Latino"
2019,"September","Male","75-84",30,"Latino"
2019,"September","Male","85+",20,"Latino"
2019,"September","Male","0-4",0,"AIAN"
2019,"September","Male","15-24",0,"AIAN"
2019,"September","Male","25-34",0,"AIAN"
2019,"September","Male","35-44",0,"AIAN"
2019,"September","Male","45-54",0,"AIAN"
2019,"September","Male","05-14",0,"AIAN"
2019,"September","Male","55-64",0,"AIAN"
2019,"September","Male","65-74",NA,"AIAN"
2019,"September","Male","75-84",NA,"AIAN"
2019,"September","Male","85+",NA,"AIAN"
2019,"September","Male","0-4",0,"Asian"
2019,"September","Male","15-24",0,"Asian"
2019,"September","Male","25-34",0,"Asian"
2019,"September","Male","35-44",0,"Asian"
2019,"September","Male","45-54",NA,"Asian"
2019,"September","Male","05-14",0,"Asian"
2019,"September","Male","55-64",NA,"Asian"
2019,"September","Male","65-74",NA,"Asian"
2019,"September","Male","75-84",19,"Asian"
2019,"September","Male","85+",18,"Asian"
2019,"September","Male","0-4",NA,"African American"
2019,"September","Male","15-24",NA,"African American"
2019,"September","Male","25-34",0,"African American"
2019,"September","Male","35-44",NA,"African American"
2019,"September","Male","45-54",13,"African American"
2019,"September","Male","05-14",0,"African American"
2019,"September","Male","55-64",26,"African American"
2019,"September","Male","65-74",37,"African American"
2019,"September","Male","75-84",38,"African American"
2019,"September","Male","85+",28,"African American"
2019,"September","Male","0-4",NA,"Caucasian"
2019,"September","Male","15-24",NA,"Caucasian"
2019,"September","Male","25-34",NA,"Caucasian"
2019,"September","Male","35-44",11,"Caucasian"
2019,"September","Male","45-54",44,"Caucasian"
2019,"September","Male","05-14",0,"Caucasian"
2019,"September","Male","55-64",101,"Caucasian"
2019,"September","Male","65-74",200,"Caucasian"
2019,"September","Male","75-84",331,"Caucasian"
2019,"September","Male","85+",426,"Caucasian"
2019,"September","Male","0-4",0,"Multiracial/Other"
2019,"September","Male","15-24",0,"Multiracial/Other"
2019,"September","Male","25-34",0,"Multiracial/Other"
2019,"September","Male","35-44",0,"Multiracial/Other"
2019,"September","Male","45-54",NA,"Multiracial/Other"
2019,"September","Male","05-14",0,"Multiracial/Other"
2019,"September","Male","55-64",NA,"Multiracial/Other"
2019,"September","Male","65-74",NA,"Multiracial/Other"
2019,"September","Male","75-84",NA,"Multiracial/Other"
2019,"September","Male","85+",NA,"Multiracial/Other"
2019,"October","Female","0-4",NA,"Latino"
2019,"October","Female","15-24",NA,"Latino"
2019,"October","Female","25-34",NA,"Latino"
2019,"October","Female","35-44",NA,"Latino"
2019,"October","Female","45-54",NA,"Latino"
2019,"October","Female","05-14",NA,"Latino"
2019,"October","Female","55-64",10,"Latino"
2019,"October","Female","65-74",21,"Latino"
2019,"October","Female","75-84",19,"Latino"
2019,"October","Female","85+",46,"Latino"
2019,"October","Female","0-4",0,"AIAN"
2019,"October","Female","15-24",0,"AIAN"
2019,"October","Female","25-34",0,"AIAN"
2019,"October","Female","35-44",NA,"AIAN"
2019,"October","Female","45-54",0,"AIAN"
2019,"October","Female","05-14",0,"AIAN"
2019,"October","Female","55-64",NA,"AIAN"
2019,"October","Female","65-74",NA,"AIAN"
2019,"October","Female","75-84",NA,"AIAN"
2019,"October","Female","85+",NA,"AIAN"
2019,"October","Female","0-4",NA,"Asian"
2019,"October","Female","15-24",0,"Asian"
2019,"October","Female","25-34",0,"Asian"
2019,"October","Female","35-44",NA,"Asian"
2019,"October","Female","45-54",NA,"Asian"
2019,"October","Female","05-14",0,"Asian"
2019,"October","Female","55-64",NA,"Asian"
2019,"October","Female","65-74",NA,"Asian"
2019,"October","Female","75-84",14,"Asian"
2019,"October","Female","85+",27,"Asian"
2019,"October","Female","0-4",NA,"African American"
2019,"October","Female","15-24",NA,"African American"
2019,"October","Female","25-34",NA,"African American"
2019,"October","Female","35-44",NA,"African American"
2019,"October","Female","45-54",NA,"African American"
2019,"October","Female","05-14",0,"African American"
2019,"October","Female","55-64",25,"African American"
2019,"October","Female","65-74",43,"African American"
2019,"October","Female","75-84",37,"African American"
2019,"October","Female","85+",64,"African American"
2019,"October","Female","0-4",NA,"Caucasian"
2019,"October","Female","15-24",0,"Caucasian"
2019,"October","Female","25-34",NA,"Caucasian"
2019,"October","Female","35-44",21,"Caucasian"
2019,"October","Female","45-54",39,"Caucasian"
2019,"October","Female","05-14",NA,"Caucasian"
2019,"October","Female","55-64",85,"Caucasian"
2019,"October","Female","65-74",187,"Caucasian"
2019,"October","Female","75-84",280,"Caucasian"
2019,"October","Female","85+",598,"Caucasian"
2019,"October","Female","0-4",0,"Multiracial/Other"
2019,"October","Female","15-24",0,"Multiracial/Other"
2019,"October","Female","25-34",0,"Multiracial/Other"
2019,"October","Female","35-44",0,"Multiracial/Other"
2019,"October","Female","45-54",NA,"Multiracial/Other"
2019,"October","Female","05-14",0,"Multiracial/Other"
2019,"October","Female","55-64",NA,"Multiracial/Other"
2019,"October","Female","65-74",NA,"Multiracial/Other"
2019,"October","Female","75-84",NA,"Multiracial/Other"
2019,"October","Female","85+",NA,"Multiracial/Other"
2019,"October","Male","0-4",NA,"Latino"
2019,"October","Male","15-24",NA,"Latino"
2019,"October","Male","25-34",NA,"Latino"
2019,"October","Male","35-44",NA,"Latino"
2019,"October","Male","45-54",10,"Latino"
2019,"October","Male","05-14",0,"Latino"
2019,"October","Male","55-64",18,"Latino"
2019,"October","Male","65-74",33,"Latino"
2019,"October","Male","75-84",29,"Latino"
2019,"October","Male","85+",31,"Latino"
2019,"October","Male","0-4",NA,"AIAN"
2019,"October","Male","15-24",0,"AIAN"
2019,"October","Male","25-34",NA,"AIAN"
2019,"October","Male","35-44",0,"AIAN"
2019,"October","Male","45-54",NA,"AIAN"
2019,"October","Male","05-14",0,"AIAN"
2019,"October","Male","55-64",0,"AIAN"
2019,"October","Male","65-74",NA,"AIAN"
2019,"October","Male","75-84",NA,"AIAN"
2019,"October","Male","85+",NA,"AIAN"
2019,"October","Male","0-4",NA,"Asian"
2019,"October","Male","15-24",NA,"Asian"
2019,"October","Male","25-34",0,"Asian"
2019,"October","Male","35-44",0,"Asian"
2019,"October","Male","45-54",NA,"Asian"
2019,"October","Male","05-14",NA,"Asian"
2019,"October","Male","55-64",NA,"Asian"
2019,"October","Male","65-74",NA,"Asian"
2019,"October","Male","75-84",13,"Asian"
2019,"October","Male","85+",22,"Asian"
2019,"October","Male","0-4",0,"African American"
2019,"October","Male","15-24",NA,"African American"
2019,"October","Male","25-34",NA,"African American"
2019,"October","Male","35-44",NA,"African American"
2019,"October","Male","45-54",14,"African American"
2019,"October","Male","05-14",0,"African American"
2019,"October","Male","55-64",44,"African American"
2019,"October","Male","65-74",37,"African American"
2019,"October","Male","75-84",35,"African American"
2019,"October","Male","85+",44,"African American"
2019,"October","Male","0-4",NA,"Caucasian"
2019,"October","Male","15-24",0,"Caucasian"
2019,"October","Male","25-34",NA,"Caucasian"
2019,"October","Male","35-44",14,"Caucasian"
2019,"October","Male","45-54",43,"Caucasian"
2019,"October","Male","05-14",0,"Caucasian"
2019,"October","Male","55-64",132,"Caucasian"
2019,"October","Male","65-74",237,"Caucasian"
2019,"October","Male","75-84",374,"Caucasian"
2019,"October","Male","85+",492,"Caucasian"
2019,"October","Male","0-4",0,"Multiracial/Other"
2019,"October","Male","15-24",0,"Multiracial/Other"
2019,"October","Male","25-34",0,"Multiracial/Other"
2019,"October","Male","35-44",0,"Multiracial/Other"
2019,"October","Male","45-54",NA,"Multiracial/Other"
2019,"October","Male","05-14",0,"Multiracial/Other"
2019,"October","Male","55-64",NA,"Multiracial/Other"
2019,"October","Male","65-74",NA,"Multiracial/Other"
2019,"October","Male","75-84",NA,"Multiracial/Other"
2019,"October","Male","85+",NA,"Multiracial/Other"
2019,"November","Female","0-4",NA,"Latino"
2019,"November","Female","15-24",NA,"Latino"
2019,"November","Female","25-34",NA,"Latino"
2019,"November","Female","35-44",NA,"Latino"
2019,"November","Female","45-54",NA,"Latino"
2019,"November","Female","05-14",NA,"Latino"
2019,"November","Female","55-64",15,"Latino"
2019,"November","Female","65-74",24,"Latino"
2019,"November","Female","75-84",43,"Latino"
2019,"November","Female","85+",39,"Latino"
2019,"November","Female","0-4",0,"AIAN"
2019,"November","Female","15-24",0,"AIAN"
2019,"November","Female","25-34",0,"AIAN"
2019,"November","Female","35-44",0,"AIAN"
2019,"November","Female","45-54",0,"AIAN"
2019,"November","Female","05-14",0,"AIAN"
2019,"November","Female","55-64",NA,"AIAN"
2019,"November","Female","65-74",NA,"AIAN"
2019,"November","Female","75-84",NA,"AIAN"
2019,"November","Female","85+",NA,"AIAN"
2019,"November","Female","0-4",NA,"Asian"
2019,"November","Female","15-24",0,"Asian"
2019,"November","Female","25-34",0,"Asian"
2019,"November","Female","35-44",NA,"Asian"
2019,"November","Female","45-54",NA,"Asian"
2019,"November","Female","05-14",0,"Asian"
2019,"November","Female","55-64",NA,"Asian"
2019,"November","Female","65-74",12,"Asian"
2019,"November","Female","75-84",12,"Asian"
2019,"November","Female","85+",35,"Asian"
2019,"November","Female","0-4",0,"African American"
2019,"November","Female","15-24",NA,"African American"
2019,"November","Female","25-34",NA,"African American"
2019,"November","Female","35-44",NA,"African American"
2019,"November","Female","45-54",16,"African American"
2019,"November","Female","05-14",NA,"African American"
2019,"November","Female","55-64",23,"African American"
2019,"November","Female","65-74",49,"African American"
2019,"November","Female","75-84",42,"African American"
2019,"November","Female","85+",51,"African American"
2019,"November","Female","0-4",NA,"Caucasian"
2019,"November","Female","15-24",NA,"Caucasian"
2019,"November","Female","25-34",NA,"Caucasian"
2019,"November","Female","35-44",20,"Caucasian"
2019,"November","Female","45-54",30,"Caucasian"
2019,"November","Female","05-14",NA,"Caucasian"
2019,"November","Female","55-64",98,"Caucasian"
2019,"November","Female","65-74",192,"Caucasian"
2019,"November","Female","75-84",347,"Caucasian"
2019,"November","Female","85+",623,"Caucasian"
2019,"November","Female","0-4",0,"Multiracial/Other"
2019,"November","Female","15-24",0,"Multiracial/Other"
2019,"November","Female","25-34",0,"Multiracial/Other"
2019,"November","Female","35-44",0,"Multiracial/Other"
2019,"November","Female","45-54",0,"Multiracial/Other"
2019,"November","Female","05-14",NA,"Multiracial/Other"
2019,"November","Female","55-64",NA,"Multiracial/Other"
2019,"November","Female","65-74",NA,"Multiracial/Other"
2019,"November","Female","75-84",NA,"Multiracial/Other"
2019,"November","Female","85+",NA,"Multiracial/Other"
2019,"November","Male","0-4",0,"Latino"
2019,"November","Male","15-24",NA,"Latino"
2019,"November","Male","25-34",NA,"Latino"
2019,"November","Male","35-44",NA,"Latino"
2019,"November","Male","45-54",13,"Latino"
2019,"November","Male","05-14",NA,"Latino"
2019,"November","Male","55-64",13,"Latino"
2019,"November","Male","65-74",20,"Latino"
2019,"November","Male","75-84",31,"Latino"
2019,"November","Male","85+",23,"Latino"
2019,"November","Male","0-4",NA,"AIAN"
2019,"November","Male","15-24",0,"AIAN"
2019,"November","Male","25-34",NA,"AIAN"
2019,"November","Male","35-44",0,"AIAN"
2019,"November","Male","45-54",NA,"AIAN"
2019,"November","Male","05-14",0,"AIAN"
2019,"November","Male","55-64",NA,"AIAN"
2019,"November","Male","65-74",NA,"AIAN"
2019,"November","Male","75-84",NA,"AIAN"
2019,"November","Male","85+",NA,"AIAN"
2019,"November","Male","0-4",0,"Asian"
2019,"November","Male","15-24",0,"Asian"
2019,"November","Male","25-34",0,"Asian"
2019,"November","Male","35-44",0,"Asian"
2019,"November","Male","45-54",NA,"Asian"
2019,"November","Male","05-14",0,"Asian"
2019,"November","Male","55-64",NA,"Asian"
2019,"November","Male","65-74",NA,"Asian"
2019,"November","Male","75-84",27,"Asian"
2019,"November","Male","85+",26,"Asian"
2019,"November","Male","0-4",NA,"African American"
2019,"November","Male","15-24",0,"African American"
2019,"November","Male","25-34",NA,"African American"
2019,"November","Male","35-44",NA,"African American"
2019,"November","Male","45-54",15,"African American"
2019,"November","Male","05-14",NA,"African American"
2019,"November","Male","55-64",50,"African American"
2019,"November","Male","65-74",57,"African American"
2019,"November","Male","75-84",53,"African American"
2019,"November","Male","85+",35,"African American"
2019,"November","Male","0-4",NA,"Caucasian"
2019,"November","Male","15-24",NA,"Caucasian"
2019,"November","Male","25-34",NA,"Caucasian"
2019,"November","Male","35-44",22,"Caucasian"
2019,"November","Male","45-54",40,"Caucasian"
2019,"November","Male","05-14",NA,"Caucasian"
2019,"November","Male","55-64",126,"Caucasian"
2019,"November","Male","65-74",248,"Caucasian"
2019,"November","Male","75-84",397,"Caucasian"
2019,"November","Male","85+",494,"Caucasian"
2019,"November","Male","0-4",NA,"Multiracial/Other"
2019,"November","Male","15-24",0,"Multiracial/Other"
2019,"November","Male","25-34",0,"Multiracial/Other"
2019,"November","Male","35-44",0,"Multiracial/Other"
2019,"November","Male","45-54",NA,"Multiracial/Other"
2019,"November","Male","05-14",0,"Multiracial/Other"
2019,"November","Male","55-64",NA,"Multiracial/Other"
2019,"November","Male","65-74",NA,"Multiracial/Other"
2019,"November","Male","75-84",NA,"Multiracial/Other"
2019,"November","Male","85+",NA,"Multiracial/Other"
2019,"December","Female","0-4",NA,"Latino"
2019,"December","Female","75-84",18,"Asian"
2019,"December","Female","15-24",NA,"Latino"
2019,"December","Female","25-34",NA,"Latino"
2019,"December","Female","35-44",10,"Latino"
2019,"December","Female","45-54",NA,"Latino"
2019,"December","Female","05-14",NA,"Latino"
2019,"December","Female","55-64",16,"Latino"
2019,"December","Female","65-74",37,"Latino"
2019,"December","Female","75-84",44,"Latino"
2019,"December","Female","85+",53,"Latino"
2019,"December","Female","0-4",NA,"AIAN"
2019,"December","Female","15-24",0,"AIAN"
2019,"December","Female","25-34",0,"AIAN"
2019,"December","Female","35-44",0,"AIAN"
2019,"December","Female","45-54",NA,"AIAN"
2019,"December","Female","05-14",NA,"AIAN"
2019,"December","Female","55-64",NA,"AIAN"
2019,"December","Female","65-74",NA,"AIAN"
2019,"December","Female","75-84",NA,"AIAN"
2019,"December","Female","85+",NA,"AIAN"
2019,"December","Female","0-4",0,"Asian"
2019,"December","Female","15-24",NA,"Asian"
2019,"December","Female","25-34",0,"Asian"
2019,"December","Female","35-44",0,"Asian"
2019,"December","Female","45-54",NA,"Asian"
2019,"December","Female","05-14",NA,"Asian"
2019,"December","Female","55-64",NA,"Asian"
2019,"December","Female","65-74",NA,"Asian"
2019,"December","Female","85+",50,"Asian"
2019,"December","Female","0-4",NA,"African American"
2019,"December","Female","15-24",NA,"African American"
2019,"December","Female","25-34",NA,"African American"
2019,"December","Female","35-44",13,"African American"
2019,"December","Female","45-54",NA,"African American"
2019,"December","Female","05-14",NA,"African American"
2019,"December","Female","55-64",48,"African American"
2019,"December","Female","65-74",60,"African American"
2019,"December","Female","75-84",68,"African American"
2019,"December","Female","85+",76,"African American"
2019,"December","Female","0-4",NA,"Caucasian"
2019,"December","Female","15-24",NA,"Caucasian"
2019,"December","Female","25-34",NA,"Caucasian"
2019,"December","Female","35-44",30,"Caucasian"
2019,"December","Female","45-54",55,"Caucasian"
2019,"December","Female","05-14",11,"Caucasian"
2019,"December","Female","55-64",161,"Caucasian"
2019,"December","Female","65-74",262,"Caucasian"
2019,"December","Female","75-84",410,"Caucasian"
2019,"December","Female","85+",872,"Caucasian"
2019,"December","Female","0-4",0,"Multiracial/Other"
2019,"December","Female","15-24",0,"Multiracial/Other"
2019,"December","Female","25-34",0,"Multiracial/Other"
2019,"December","Female","35-44",NA,"Multiracial/Other"
2019,"December","Female","45-54",NA,"Multiracial/Other"
2019,"December","Female","05-14",0,"Multiracial/Other"
2019,"December","Female","55-64",NA,"Multiracial/Other"
2019,"December","Female","65-74",NA,"Multiracial/Other"
2019,"December","Female","75-84",NA,"Multiracial/Other"
2019,"December","Female","85+",NA,"Multiracial/Other"
2019,"December","Male","0-4",NA,"Latino"
2019,"December","Male","15-24",NA,"Latino"
2019,"December","Male","25-34",10,"Latino"
2019,"December","Male","35-44",12,"Latino"
2019,"December","Male","45-54",26,"Latino"
2019,"December","Male","05-14",0,"Latino"
2019,"December","Male","55-64",40,"Latino"
2019,"December","Male","65-74",47,"Latino"
2019,"December","Male","75-84",51,"Latino"
2019,"December","Male","85+",45,"Latino"
2019,"December","Male","0-4",0,"AIAN"
2019,"December","Male","15-24",0,"AIAN"
2019,"December","Male","25-34",NA,"AIAN"
2019,"December","Male","35-44",0,"AIAN"
2019,"December","Male","45-54",NA,"AIAN"
2019,"December","Male","05-14",0,"AIAN"
2019,"December","Male","55-64",NA,"AIAN"
2019,"December","Male","65-74",NA,"AIAN"
2019,"December","Male","75-84",NA,"AIAN"
2019,"December","Male","85+",NA,"AIAN"
2019,"December","Male","0-4",0,"Asian"
2019,"December","Male","15-24",0,"Asian"
2019,"December","Male","25-34",0,"Asian"
2019,"December","Male","35-44",0,"Asian"
2019,"December","Male","45-54",NA,"Asian"
2019,"December","Male","05-14",0,"Asian"
2019,"December","Male","55-64",NA,"Asian"
2019,"December","Male","65-74",16,"Asian"
2019,"December","Male","75-84",18,"Asian"
2019,"December","Male","85+",41,"Asian"
2019,"December","Male","0-4",15,"African American"
2019,"December","Male","15-24",NA,"African American"
2019,"December","Male","25-34",NA,"African American"
2019,"December","Male","35-44",18,"African American"
2019,"December","Male","45-54",25,"African American"
2019,"December","Male","05-14",NA,"African American"
2019,"December","Male","55-64",48,"African American"
2019,"December","Male","65-74",63,"African American"
2019,"December","Male","75-84",53,"African American"
2019,"December","Male","85+",37,"African American"
2019,"December","Male","0-4",NA,"Caucasian"
2019,"December","Male","15-24",NA,"Caucasian"
2019,"December","Male","25-34",11,"Caucasian"
2019,"December","Male","35-44",33,"Caucasian"
2019,"December","Male","45-54",63,"Caucasian"
2019,"December","Male","05-14",NA,"Caucasian"
2019,"December","Male","55-64",212,"Caucasian"
2019,"December","Male","65-74",342,"Caucasian"
2019,"December","Male","75-84",464,"Caucasian"
2019,"December","Male","85+",595,"Caucasian"
2019,"December","Male","0-4",NA,"Multiracial/Other"
2019,"December","Male","15-24",0,"Multiracial/Other"
2019,"December","Male","25-34",0,"Multiracial/Other"
2019,"December","Male","35-44",NA,"Multiracial/Other"
2019,"December","Male","45-54",NA,"Multiracial/Other"
2019,"December","Male","05-14",0,"Multiracial/Other"
2019,"December","Male","55-64",NA,"Multiracial/Other"
2019,"December","Male","65-74",NA,"Multiracial/Other"
2019,"December","Male","75-84",NA,"Multiracial/Other"
2019,"December","Male","85+",NA,"Multiracial/Other"
